INDEX,PRODUCT_ID,CUSTOMER_NAME,SHIPPING_LOCATION,PROMOTION,ORDER_DATE,SHIP_DATE,QUANTITY,SALES,INITIAL_PRICE,FINAL_PRICE,PROFIT,SHIPPING_COST,ORDER_QUANTITY,DISCOUNT_X,DISCOUNT_Y,NUMBER_OF_RECORDS,ROW_ID,TIMESTAMP
84,10316267,George Ashbrook,48180,,2012-01-07,2012-01-10,7,158.04,21.98,19.78,-263.09,14.52,2,2.2,0.03,1,2539,2024-12-13 00:00:00.000
84,10316267,Victoria Brennan,48180,,2012-01-23,2012-01-25,7,1383.2,21.98,19.78,-23.44,12.14,18,2.2,0.01,1,3485,2024-12-13 00:00:00.000
84,10316267,Dennis Kane,48180,,2012-03-12,2012-03-13,7,1388.91,21.98,19.78,-229.87,4,20,2.2,0.1,1,4662,2024-12-13 00:00:00.000
84,10316267,Lindsay Castell,48180,,2012-03-12,2012-03-14,7,1146.41,21.98,19.78,-88.61,14.52,15,2.2,0,1,1733,2024-12-13 00:00:00.000
84,10316267,Sonia Sunley,48180,,2012-05-15,2012-05-18,7,3197.45,21.98,19.78,97.16,4,46,2.2,0.08,1,1381,2024-12-13 00:00:00.000
84,10316267,Arthur Wiediger,48180,,2012-05-18,2012-05-20,7,3596.36,21.98,19.78,326.25,12.14,47,2.2,0,1,2858,2024-12-13 00:00:00.000
84,10316267,Vivian Mathis,48180,,2012-06-29,2012-06-30,7,1651.09,21.98,19.78,-2.38,12.14,22,2.2,0.05,1,320,2024-12-13 00:00:00.000
84,10316267,Patrick Gardner,48180,,2012-08-22,2012-08-23,7,3277.39,21.98,19.78,286.01,4,43,2.2,0.02,1,5897,2024-12-13 00:00:00.000
84,10316267,Eva Jacobs,48180,,2012-11-07,2012-11-10,7,453.87,21.98,19.78,-217.69,14.52,6,2.2,0.02,1,3771,2024-12-13 00:00:00.000
84,10316267,Matt Collister,48180,,2012-12-07,2012-12-10,7,3421.88,21.98,19.78,443.52,4,44,2.2,0,1,7643,2024-12-13 00:00:00.000
84,10316267,Sonia Sunley,48180,,2013-04-15,2013-04-20,7,365.93,21.98,19.78,-243.02,14.52,5,2.2,0.05,1,3154,2024-12-13 00:00:00.000
84,10316267,Matt Connell,48180,,2013-09-25,2013-09-27,7,2911.64,21.98,19.78,225.28,14.52,37,2.2,0.02,1,2376,2024-12-13 00:00:00.000
84,10316267,Evan Henry,48180,,2013-11-25,2013-12-02,7,900.06,21.98,19.78,-221.12,14.52,12,2.2,0.05,1,722,2024-12-13 00:00:00.000
84,10316267,Phillip Breyer,48180,,2013-12-09,2013-12-10,7,1143.88,21.98,19.78,-88.7,4,15,2.2,0.04,1,959,2024-12-13 00:00:00.000
84,10316267,Patrick Jones,48180,,2014-03-18,2014-03-20,7,1557.42,21.98,19.78,-123.81,4,21,2.2,0.01,1,526,2024-12-13 00:00:00.000
84,10316267,Liz Carlisle,48180,,2014-06-23,2014-06-24,7,767.34,21.98,19.78,-154.65,14.52,10,2.2,0.04,1,1404,2024-12-13 00:00:00.000
84,10316267,Jack O'Briant,48180,,2014-06-27,2014-06-28,7,2492.97,21.98,19.78,131.02,14.52,33,2.2,0.06,1,7572,2024-12-13 00:00:00.000
84,10316267,Bobby Trafton,48180,,2014-11-21,2014-11-22,7,1121.84,21.98,19.78,-173.66,12.14,15,2.2,0,1,7897,2024-12-13 00:00:00.000
84,10316267,Valerie Dominguez,48180,,2015-02-08,2015-02-09,7,3601.07,21.98,19.78,174.8,14.52,50,2.2,0.04,1,6197,2024-12-13 00:00:00.000
84,10316267,Sam Craven,48180,,2015-05-05,2015-05-05,7,294.89,21.98,19.78,-321.84,12.14,4,2.2,0.09,1,290,2024-12-13 00:00:00.000
84,10316267,Stephanie Ulpright,48180,,2015-09-30,2015-10-01,7,3333.1,21.98,19.78,-85.03,4,50,2.2,0.1,1,3830,2024-12-13 00:00:00.000
84,10316267,John Murray,48180,,2015-10-14,2015-10-16,7,3413.69,21.98,19.78,175.24,14.52,47,2.2,0.06,1,4521,2024-12-13 00:00:00.000
84,10316267,Deanra Eno,48180,,2015-11-09,2015-11-10,7,1560.96,21.98,19.78,-120.27,4,21,2.2,0.07,1,3039,2024-12-13 00:00:00.000
422,10316267,George Ashbrook,94565,,2012-01-07,2012-01-10,7,158.04,21.98,19.78,-263.09,14.52,2,2.2,0.03,1,2539,2024-12-13 00:00:00.000
422,10316267,Victoria Brennan,94565,,2012-01-23,2012-01-25,7,1383.2,21.98,19.78,-23.44,12.14,18,2.2,0.01,1,3485,2024-12-13 00:00:00.000
422,10316267,Dennis Kane,94565,,2012-03-12,2012-03-13,7,1388.91,21.98,19.78,-229.87,4,20,2.2,0.1,1,4662,2024-12-13 00:00:00.000
422,10316267,Lindsay Castell,94565,,2012-03-12,2012-03-14,7,1146.41,21.98,19.78,-88.61,14.52,15,2.2,0,1,1733,2024-12-13 00:00:00.000
422,10316267,Sonia Sunley,94565,,2012-05-15,2012-05-18,7,3197.45,21.98,19.78,97.16,4,46,2.2,0.08,1,1381,2024-12-13 00:00:00.000
422,10316267,Arthur Wiediger,94565,,2012-05-18,2012-05-20,7,3596.36,21.98,19.78,326.25,12.14,47,2.2,0,1,2858,2024-12-13 00:00:00.000
422,10316267,Vivian Mathis,94565,,2012-06-29,2012-06-30,7,1651.09,21.98,19.78,-2.38,12.14,22,2.2,0.05,1,320,2024-12-13 00:00:00.000
422,10316267,Patrick Gardner,94565,,2012-08-22,2012-08-23,7,3277.39,21.98,19.78,286.01,4,43,2.2,0.02,1,5897,2024-12-13 00:00:00.000
422,10316267,Eva Jacobs,94565,,2012-11-07,2012-11-10,7,453.87,21.98,19.78,-217.69,14.52,6,2.2,0.02,1,3771,2024-12-13 00:00:00.000
422,10316267,Matt Collister,94565,,2012-12-07,2012-12-10,7,3421.88,21.98,19.78,443.52,4,44,2.2,0,1,7643,2024-12-13 00:00:00.000
422,10316267,Sonia Sunley,94565,,2013-04-15,2013-04-20,7,365.93,21.98,19.78,-243.02,14.52,5,2.2,0.05,1,3154,2024-12-13 00:00:00.000
422,10316267,Matt Connell,94565,,2013-09-25,2013-09-27,7,2911.64,21.98,19.78,225.28,14.52,37,2.2,0.02,1,2376,2024-12-13 00:00:00.000
422,10316267,Evan Henry,94565,,2013-11-25,2013-12-02,7,900.06,21.98,19.78,-221.12,14.52,12,2.2,0.05,1,722,2024-12-13 00:00:00.000
422,10316267,Phillip Breyer,94565,,2013-12-09,2013-12-10,7,1143.88,21.98,19.78,-88.7,4,15,2.2,0.04,1,959,2024-12-13 00:00:00.000
422,10316267,Patrick Jones,94565,,2014-03-18,2014-03-20,7,1557.42,21.98,19.78,-123.81,4,21,2.2,0.01,1,526,2024-12-13 00:00:00.000
422,10316267,Liz Carlisle,94565,,2014-06-23,2014-06-24,7,767.34,21.98,19.78,-154.65,14.52,10,2.2,0.04,1,1404,2024-12-13 00:00:00.000
422,10316267,Jack O'Briant,94565,,2014-06-27,2014-06-28,7,2492.97,21.98,19.78,131.02,14.52,33,2.2,0.06,1,7572,2024-12-13 00:00:00.000
422,10316267,Bobby Trafton,94565,,2014-11-21,2014-11-22,7,1121.84,21.98,19.78,-173.66,12.14,15,2.2,0,1,7897,2024-12-13 00:00:00.000
422,10316267,Valerie Dominguez,94565,,2015-02-08,2015-02-09,7,3601.07,21.98,19.78,174.8,14.52,50,2.2,0.04,1,6197,2024-12-13 00:00:00.000
422,10316267,Sam Craven,94565,,2015-05-05,2015-05-05,7,294.89,21.98,19.78,-321.84,12.14,4,2.2,0.09,1,290,2024-12-13 00:00:00.000
422,10316267,Stephanie Ulpright,94565,,2015-09-30,2015-10-01,7,3333.1,21.98,19.78,-85.03,4,50,2.2,0.1,1,3830,2024-12-13 00:00:00.000
422,10316267,John Murray,94565,,2015-10-14,2015-10-16,7,3413.69,21.98,19.78,175.24,14.52,47,2.2,0.06,1,4521,2024-12-13 00:00:00.000
422,10316267,Deanra Eno,94565,,2015-11-09,2015-11-10,7,1560.96,21.98,19.78,-120.27,4,21,2.2,0.07,1,3039,2024-12-13 00:00:00.000
2292,34542891,George Ashbrook,33012,,2012-01-07,2012-01-10,7,158.04,2.34,2.08,-263.09,14.52,2,0.26,0.03,1,2539,2024-12-13 00:00:00.000
2292,34542891,Victoria Brennan,33012,,2012-01-23,2012-01-25,7,1383.2,2.34,2.08,-23.44,12.14,18,0.26,0.01,1,3485,2024-12-13 00:00:00.000
2292,34542891,Dennis Kane,33012,,2012-03-12,2012-03-13,7,1388.91,2.34,2.08,-229.87,4,20,0.26,0.1,1,4662,2024-12-13 00:00:00.000
2292,34542891,Lindsay Castell,33012,,2012-03-12,2012-03-14,7,1146.41,2.34,2.08,-88.61,14.52,15,0.26,0,1,1733,2024-12-13 00:00:00.000
2292,34542891,Sonia Sunley,33012,,2012-05-15,2012-05-18,7,3197.45,2.34,2.08,97.16,4,46,0.26,0.08,1,1381,2024-12-13 00:00:00.000
2292,34542891,Arthur Wiediger,33012,,2012-05-18,2012-05-20,7,3596.36,2.34,2.08,326.25,12.14,47,0.26,0,1,2858,2024-12-13 00:00:00.000
2292,34542891,Vivian Mathis,33012,,2012-06-29,2012-06-30,7,1651.09,2.34,2.08,-2.38,12.14,22,0.26,0.05,1,320,2024-12-13 00:00:00.000
2292,34542891,Patrick Gardner,33012,,2012-08-22,2012-08-23,7,3277.39,2.34,2.08,286.01,4,43,0.26,0.02,1,5897,2024-12-13 00:00:00.000
2292,34542891,Eva Jacobs,33012,,2012-11-07,2012-11-10,7,453.87,2.34,2.08,-217.69,14.52,6,0.26,0.02,1,3771,2024-12-13 00:00:00.000
2292,34542891,Matt Collister,33012,,2012-12-07,2012-12-10,7,3421.88,2.34,2.08,443.52,4,44,0.26,0,1,7643,2024-12-13 00:00:00.000
2292,34542891,Sonia Sunley,33012,,2013-04-15,2013-04-20,7,365.93,2.34,2.08,-243.02,14.52,5,0.26,0.05,1,3154,2024-12-13 00:00:00.000
2292,34542891,Matt Connell,33012,,2013-09-25,2013-09-27,7,2911.64,2.34,2.08,225.28,14.52,37,0.26,0.02,1,2376,2024-12-13 00:00:00.000
2292,34542891,Evan Henry,33012,,2013-11-25,2013-12-02,7,900.06,2.34,2.08,-221.12,14.52,12,0.26,0.05,1,722,2024-12-13 00:00:00.000
2292,34542891,Phillip Breyer,33012,,2013-12-09,2013-12-10,7,1143.88,2.34,2.08,-88.7,4,15,0.26,0.04,1,959,2024-12-13 00:00:00.000
2292,34542891,Patrick Jones,33012,,2014-03-18,2014-03-20,7,1557.42,2.34,2.08,-123.81,4,21,0.26,0.01,1,526,2024-12-13 00:00:00.000
2292,34542891,Liz Carlisle,33012,,2014-06-23,2014-06-24,7,767.34,2.34,2.08,-154.65,14.52,10,0.26,0.04,1,1404,2024-12-13 00:00:00.000
2292,34542891,Jack O'Briant,33012,,2014-06-27,2014-06-28,7,2492.97,2.34,2.08,131.02,14.52,33,0.26,0.06,1,7572,2024-12-13 00:00:00.000
2292,34542891,Bobby Trafton,33012,,2014-11-21,2014-11-22,7,1121.84,2.34,2.08,-173.66,12.14,15,0.26,0,1,7897,2024-12-13 00:00:00.000
2292,34542891,Valerie Dominguez,33012,,2015-02-08,2015-02-09,7,3601.07,2.34,2.08,174.8,14.52,50,0.26,0.04,1,6197,2024-12-13 00:00:00.000
2292,34542891,Sam Craven,33012,,2015-05-05,2015-05-05,7,294.89,2.34,2.08,-321.84,12.14,4,0.26,0.09,1,290,2024-12-13 00:00:00.000
2292,34542891,Stephanie Ulpright,33012,,2015-09-30,2015-10-01,7,3333.1,2.34,2.08,-85.03,4,50,0.26,0.1,1,3830,2024-12-13 00:00:00.000
2292,34542891,John Murray,33012,,2015-10-14,2015-10-16,7,3413.69,2.34,2.08,175.24,14.52,47,0.26,0.06,1,4521,2024-12-13 00:00:00.000
2292,34542891,Deanra Eno,33012,,2015-11-09,2015-11-10,7,1560.96,2.34,2.08,-120.27,4,21,0.26,0.07,1,3039,2024-12-13 00:00:00.000
2300,34542891,George Ashbrook,33012,,2012-01-07,2012-01-10,7,158.04,2.34,2.08,-263.09,14.52,2,0.26,0.03,1,2539,2024-12-13 00:00:00.000
2300,34542891,Victoria Brennan,33012,,2012-01-23,2012-01-25,7,1383.2,2.34,2.08,-23.44,12.14,18,0.26,0.01,1,3485,2024-12-13 00:00:00.000
2300,34542891,Dennis Kane,33012,,2012-03-12,2012-03-13,7,1388.91,2.34,2.08,-229.87,4,20,0.26,0.1,1,4662,2024-12-13 00:00:00.000
2300,34542891,Lindsay Castell,33012,,2012-03-12,2012-03-14,7,1146.41,2.34,2.08,-88.61,14.52,15,0.26,0,1,1733,2024-12-13 00:00:00.000
2300,34542891,Sonia Sunley,33012,,2012-05-15,2012-05-18,7,3197.45,2.34,2.08,97.16,4,46,0.26,0.08,1,1381,2024-12-13 00:00:00.000
2300,34542891,Arthur Wiediger,33012,,2012-05-18,2012-05-20,7,3596.36,2.34,2.08,326.25,12.14,47,0.26,0,1,2858,2024-12-13 00:00:00.000
2300,34542891,Vivian Mathis,33012,,2012-06-29,2012-06-30,7,1651.09,2.34,2.08,-2.38,12.14,22,0.26,0.05,1,320,2024-12-13 00:00:00.000
2300,34542891,Patrick Gardner,33012,,2012-08-22,2012-08-23,7,3277.39,2.34,2.08,286.01,4,43,0.26,0.02,1,5897,2024-12-13 00:00:00.000
2300,34542891,Eva Jacobs,33012,,2012-11-07,2012-11-10,7,453.87,2.34,2.08,-217.69,14.52,6,0.26,0.02,1,3771,2024-12-13 00:00:00.000
2300,34542891,Matt Collister,33012,,2012-12-07,2012-12-10,7,3421.88,2.34,2.08,443.52,4,44,0.26,0,1,7643,2024-12-13 00:00:00.000
2300,34542891,Sonia Sunley,33012,,2013-04-15,2013-04-20,7,365.93,2.34,2.08,-243.02,14.52,5,0.26,0.05,1,3154,2024-12-13 00:00:00.000
2300,34542891,Matt Connell,33012,,2013-09-25,2013-09-27,7,2911.64,2.34,2.08,225.28,14.52,37,0.26,0.02,1,2376,2024-12-13 00:00:00.000
2300,34542891,Evan Henry,33012,,2013-11-25,2013-12-02,7,900.06,2.34,2.08,-221.12,14.52,12,0.26,0.05,1,722,2024-12-13 00:00:00.000
2300,34542891,Phillip Breyer,33012,,2013-12-09,2013-12-10,7,1143.88,2.34,2.08,-88.7,4,15,0.26,0.04,1,959,2024-12-13 00:00:00.000
2300,34542891,Patrick Jones,33012,,2014-03-18,2014-03-20,7,1557.42,2.34,2.08,-123.81,4,21,0.26,0.01,1,526,2024-12-13 00:00:00.000
2300,34542891,Liz Carlisle,33012,,2014-06-23,2014-06-24,7,767.34,2.34,2.08,-154.65,14.52,10,0.26,0.04,1,1404,2024-12-13 00:00:00.000
2300,34542891,Jack O'Briant,33012,,2014-06-27,2014-06-28,7,2492.97,2.34,2.08,131.02,14.52,33,0.26,0.06,1,7572,2024-12-13 00:00:00.000
2300,34542891,Bobby Trafton,33012,,2014-11-21,2014-11-22,7,1121.84,2.34,2.08,-173.66,12.14,15,0.26,0,1,7897,2024-12-13 00:00:00.000
2300,34542891,Valerie Dominguez,33012,,2015-02-08,2015-02-09,7,3601.07,2.34,2.08,174.8,14.52,50,0.26,0.04,1,6197,2024-12-13 00:00:00.000
2300,34542891,Sam Craven,33012,,2015-05-05,2015-05-05,7,294.89,2.34,2.08,-321.84,12.14,4,0.26,0.09,1,290,2024-12-13 00:00:00.000
2300,34542891,Stephanie Ulpright,33012,,2015-09-30,2015-10-01,7,3333.1,2.34,2.08,-85.03,4,50,0.26,0.1,1,3830,2024-12-13 00:00:00.000
2300,34542891,John Murray,33012,,2015-10-14,2015-10-16,7,3413.69,2.34,2.08,175.24,14.52,47,0.26,0.06,1,4521,2024-12-13 00:00:00.000
2300,34542891,Deanra Eno,33012,,2015-11-09,2015-11-10,7,1560.96,2.34,2.08,-120.27,4,21,0.26,0.07,1,3039,2024-12-13 00:00:00.000
5269,10291466,George Ashbrook,75211,,2012-01-07,2012-01-10,7,158.04,3.36,2.97,-263.09,14.52,2,0.39,0.03,1,2539,2024-12-13 00:00:00.000
5269,10291466,Victoria Brennan,75211,,2012-01-23,2012-01-25,7,1383.2,3.36,2.97,-23.44,12.14,18,0.39,0.01,1,3485,2024-12-13 00:00:00.000
5269,10291466,Dennis Kane,75211,,2012-03-12,2012-03-13,7,1388.91,3.36,2.97,-229.87,4,20,0.39,0.1,1,4662,2024-12-13 00:00:00.000
5269,10291466,Lindsay Castell,75211,,2012-03-12,2012-03-14,7,1146.41,3.36,2.97,-88.61,14.52,15,0.39,0,1,1733,2024-12-13 00:00:00.000
5269,10291466,Sonia Sunley,75211,,2012-05-15,2012-05-18,7,3197.45,3.36,2.97,97.16,4,46,0.39,0.08,1,1381,2024-12-13 00:00:00.000
5269,10291466,Arthur Wiediger,75211,,2012-05-18,2012-05-20,7,3596.36,3.36,2.97,326.25,12.14,47,0.39,0,1,2858,2024-12-13 00:00:00.000
5269,10291466,Vivian Mathis,75211,,2012-06-29,2012-06-30,7,1651.09,3.36,2.97,-2.38,12.14,22,0.39,0.05,1,320,2024-12-13 00:00:00.000
5269,10291466,Patrick Gardner,75211,,2012-08-22,2012-08-23,7,3277.39,3.36,2.97,286.01,4,43,0.39,0.02,1,5897,2024-12-13 00:00:00.000
5269,10291466,Eva Jacobs,75211,,2012-11-07,2012-11-10,7,453.87,3.36,2.97,-217.69,14.52,6,0.39,0.02,1,3771,2024-12-13 00:00:00.000
5269,10291466,Matt Collister,75211,,2012-12-07,2012-12-10,7,3421.88,3.36,2.97,443.52,4,44,0.39,0,1,7643,2024-12-13 00:00:00.000
5269,10291466,Sonia Sunley,75211,,2013-04-15,2013-04-20,7,365.93,3.36,2.97,-243.02,14.52,5,0.39,0.05,1,3154,2024-12-13 00:00:00.000
5269,10291466,Matt Connell,75211,,2013-09-25,2013-09-27,7,2911.64,3.36,2.97,225.28,14.52,37,0.39,0.02,1,2376,2024-12-13 00:00:00.000
5269,10291466,Evan Henry,75211,,2013-11-25,2013-12-02,7,900.06,3.36,2.97,-221.12,14.52,12,0.39,0.05,1,722,2024-12-13 00:00:00.000
5269,10291466,Phillip Breyer,75211,,2013-12-09,2013-12-10,7,1143.88,3.36,2.97,-88.7,4,15,0.39,0.04,1,959,2024-12-13 00:00:00.000
5269,10291466,Patrick Jones,75211,,2014-03-18,2014-03-20,7,1557.42,3.36,2.97,-123.81,4,21,0.39,0.01,1,526,2024-12-13 00:00:00.000
5269,10291466,Liz Carlisle,75211,,2014-06-23,2014-06-24,7,767.34,3.36,2.97,-154.65,14.52,10,0.39,0.04,1,1404,2024-12-13 00:00:00.000
5269,10291466,Jack O'Briant,75211,,2014-06-27,2014-06-28,7,2492.97,3.36,2.97,131.02,14.52,33,0.39,0.06,1,7572,2024-12-13 00:00:00.000
5269,10291466,Bobby Trafton,75211,,2014-11-21,2014-11-22,7,1121.84,3.36,2.97,-173.66,12.14,15,0.39,0,1,7897,2024-12-13 00:00:00.000
5269,10291466,Valerie Dominguez,75211,,2015-02-08,2015-02-09,7,3601.07,3.36,2.97,174.8,14.52,50,0.39,0.04,1,6197,2024-12-13 00:00:00.000
5269,10291466,Sam Craven,75211,,2015-05-05,2015-05-05,7,294.89,3.36,2.97,-321.84,12.14,4,0.39,0.09,1,290,2024-12-13 00:00:00.000
5269,10291466,Stephanie Ulpright,75211,,2015-09-30,2015-10-01,7,3333.1,3.36,2.97,-85.03,4,50,0.39,0.1,1,3830,2024-12-13 00:00:00.000
5269,10291466,John Murray,75211,,2015-10-14,2015-10-16,7,3413.69,3.36,2.97,175.24,14.52,47,0.39,0.06,1,4521,2024-12-13 00:00:00.000
5269,10291466,Deanra Eno,75211,,2015-11-09,2015-11-10,7,1560.96,3.36,2.97,-120.27,4,21,0.39,0.07,1,3039,2024-12-13 00:00:00.000
5383,12166387,Giulietta Dortch,75211,,2012-01-10,2012-01-11,9,1177.5,3.36,2.97,420.05,1.99,34,0.39,0.02,1,4073,2024-12-13 00:00:00.000
5383,12166387,Raymond Fair,75211,,2012-04-13,2012-04-15,9,951.06,3.36,2.97,331.27,1.99,28,0.39,0.02,1,6278,2024-12-13 00:00:00.000
5383,12166387,Debra Catini,75211,,2012-09-14,2012-09-15,9,936.95,3.36,2.97,-0.74,19.99,26,0.39,0.03,1,1002,2024-12-13 00:00:00.000
5383,12166387,Nathan Mautz,75211,,2013-01-20,2013-01-22,9,864.16,3.36,2.97,-175.47,19.99,26,0.39,0.09,1,4871,2024-12-13 00:00:00.000
5383,12166387,Christina Vanderzanden,75211,,2013-02-20,2013-02-22,9,1370.49,3.36,2.97,-244.63,19.99,40,0.39,0.08,1,8065,2024-12-13 00:00:00.000
5383,12166387,Nat Gilpin,75211,,2013-04-15,2013-04-17,9,1031.23,3.36,2.97,-138.54,19.99,32,0.39,0.07,1,5247,2024-12-13 00:00:00.000
5383,12166387,Fred McMath,75211,,2013-07-16,2013-07-18,9,1631.04,3.36,2.97,665.63,1.99,48,0.39,0,1,2651,2024-12-13 00:00:00.000
5383,12166387,Eleni McCrary,75211,,2013-08-28,2013-09-02,9,677.9,3.36,2.97,196.36,1.99,20,0.39,0.05,1,4388,2024-12-13 00:00:00.000
5383,12166387,Barry Franz,75211,,2013-11-29,2013-11-29,9,461.55,3.36,2.97,-12,19.99,14,0.39,0.09,1,1402,2024-12-13 00:00:00.000
5383,12166387,Kean Thornton,75211,,2014-05-21,2014-05-21,9,748.83,3.36,2.97,250.01,1.99,21,0.39,0.01,1,916,2024-12-13 00:00:00.000
5383,12166387,Doug Bickford,75211,,2014-05-27,2014-05-29,9,854.88,3.36,2.97,-44.14,19.99,25,0.39,0.09,1,1462,2024-12-13 00:00:00.000
5383,12166387,Kean Thornton,75211,,2015-01-27,2015-01-28,9,463.83,3.36,2.97,103.26,1.99,13,0.39,0,1,691,2024-12-13 00:00:00.000
5383,12166387,Julia West,75211,,2015-06-11,2015-06-13,9,899.97,3.36,2.97,-246.3,19.99,27,0.39,0.09,1,6330,2024-12-13 00:00:00.000
5383,12166387,Mitch Willingham,75211,,2015-07-13,2015-07-14,9,1233.76,3.36,2.97,-168.08,19.99,38,0.39,0.06,1,7475,2024-12-13 00:00:00.000
5383,12166387,Toby Swindell,75211,,2012-12-28,2012-12-30,10,575.74,3.36,2.97,152.6,1.99,27,0.39,0.06,1,6343,2024-12-13 00:00:00.000
5383,12166387,Linda Southworth,75211,,2013-01-03,2013-01-05,10,277.42,3.36,2.97,49.82,1.99,12,0.39,0.01,1,1235,2024-12-13 00:00:00.000
5383,12166387,Mike Gockenbach,75211,,2013-09-18,2013-09-22,10,801.44,3.36,2.97,308.12,1.99,35,0.39,0.01,1,2907,2024-12-13 00:00:00.000
5383,12166387,Paul Stevenson,75211,,2014-05-10,2014-05-12,10,179.66,3.36,2.97,-1.73,1.99,8,0.39,0.01,1,4304,2024-12-13 00:00:00.000
5383,12166387,Christine Sundaresam,75211,,2014-06-05,2014-06-06,10,333.3,3.36,2.97,71.04,1.99,15,0.39,0.03,1,2786,2024-12-13 00:00:00.000
5383,12166387,Benjamin Patterson,75211,,2014-11-18,2014-11-20,10,416.39,3.36,2.97,119.47,1.99,18,0.39,0.06,1,5135,2024-12-13 00:00:00.000
5383,12166387,Alyssa Crouse,75211,,2015-05-08,2015-05-08,10,372.09,3.36,2.97,98.28,1.99,16,0.39,0.04,1,2979,2024-12-13 00:00:00.000
5383,12166387,Roy Phan,75211,,2015-09-22,2015-09-24,10,795.52,3.36,2.97,290.64,1.99,36,0.39,0.08,1,4338,2024-12-13 00:00:00.000
5383,12166387,Alan Hwang,75211,,2015-11-11,2015-11-14,10,378.08,3.36,2.97,70.48,1.99,17,0.39,0,1,4423,2024-12-13 00:00:00.000
5383,12166387,Dave Hallsten,75211,,2015-12-02,2015-12-02,10,1100.21,3.36,2.97,433.59,1.99,50,0.39,0.03,1,1793,2024-12-13 00:00:00.000
5393,12166388,Mitch Webber,75211,,2012-05-25,2012-05-27,2,889.84,3.36,2.97,204.49,8.23,34,0.39,0.1,1,5558,2024-12-13 00:00:00.000
5393,12166388,Kelly Williams,75211,,2015-07-16,2015-07-17,2,1406.64,3.36,2.97,424.36,8.23,50,0.39,0.02,1,1356,2024-12-13 00:00:00.000
5393,12166388,Naresj Patel,75211,,2015-09-04,2015-09-09,2,1112.54,3.36,2.97,352.96,8.23,38,0.39,0.01,1,5580,2024-12-13 00:00:00.000
5667,10447903,Sonia Sunley,75211,,2012-02-04,2012-02-05,4,671.03,3.36,2.97,67.864,6.46,47,0.39,0.07,1,2049,2024-12-13 00:00:00.000
5667,10447903,Roland Fjeld,75211,,2013-05-24,2013-05-26,4,82.72,3.36,2.97,-29.71,1.99,6,0.39,0.08,1,364,2024-12-13 00:00:00.000
5667,10447903,Andrew Allen,75211,,2013-07-14,2013-07-17,4,278.68,3.36,2.97,8.8995,6.46,20,0.39,0.06,1,351,2024-12-13 00:00:00.000
5667,10447903,Anthony Johnson,75211,,2013-08-04,2013-08-04,4,17.19,3.36,2.97,-35.34,1.99,1,0.39,0,1,3371,2024-12-13 00:00:00.000
5667,10447903,Fred Harton,75211,,2013-08-06,2013-08-09,4,349.65,3.36,2.97,28.5515,6.46,24,0.39,0.1,1,2581,2024-12-13 00:00:00.000
5667,10447903,Giulietta Dortch,75211,,2014-02-20,2014-02-22,4,538.14,3.36,2.97,111.42,1.99,39,0.39,0.06,1,2970,2024-12-13 00:00:00.000
5667,10447903,Karen Carlisle,75211,,2014-07-10,2014-07-14,4,344.25,3.36,2.97,23.9615,6.46,24,0.39,0.1,1,7668,2024-12-13 00:00:00.000
5667,10447903,Steve Nguyen,75211,,2014-09-30,2014-10-02,4,682.77,3.36,2.97,165.2,1.99,49,0.39,0.05,1,1910,2024-12-13 00:00:00.000
5667,10447903,Stewart Visinsky,75211,,2014-10-04,2014-10-06,4,31.7,3.36,2.97,-44.39,1.99,2,0.39,0.05,1,7686,2024-12-13 00:00:00.000
5667,10447903,Brian DeCherney,75211,,2014-11-02,2014-11-04,4,293.27,3.36,2.97,44.56,1.99,21,0.39,0.07,1,4806,2024-12-13 00:00:00.000
5667,10447903,Peter Fuller,75211,,2014-12-02,2014-12-03,4,472.35,3.36,2.97,61.676,6.46,31,0.39,0.03,1,5288,2024-12-13 00:00:00.000
5667,10447903,Michelle Huthwaite,75211,,2015-06-18,2015-06-20,4,192.44,3.36,2.97,6.7745,6.46,13,0.39,0.05,1,6141,2024-12-13 00:00:00.000
5667,10447903,Muhammed Yedwab,75211,,2015-08-28,2015-08-28,4,262.32,3.36,2.97,5.1595,6.46,19,0.39,0.07,1,1000,2024-12-13 00:00:00.000
5667,10447903,Pauline Webber,75211,,2015-09-25,2015-09-27,4,362.76,3.36,2.97,19.363,6.46,26,0.39,0.09,1,3029,2024-12-13 00:00:00.000
5671,10447902,Giulietta Dortch,75211,,2012-01-10,2012-01-11,9,1177.5,3.36,2.97,420.05,1.99,34,0.39,0.02,1,4073,2024-12-13 00:00:00.000
5671,10447902,Raymond Fair,75211,,2012-04-13,2012-04-15,9,951.06,3.36,2.97,331.27,1.99,28,0.39,0.02,1,6278,2024-12-13 00:00:00.000
5671,10447902,Debra Catini,75211,,2012-09-14,2012-09-15,9,936.95,3.36,2.97,-0.74,19.99,26,0.39,0.03,1,1002,2024-12-13 00:00:00.000
5671,10447902,Nathan Mautz,75211,,2013-01-20,2013-01-22,9,864.16,3.36,2.97,-175.47,19.99,26,0.39,0.09,1,4871,2024-12-13 00:00:00.000
5671,10447902,Christina Vanderzanden,75211,,2013-02-20,2013-02-22,9,1370.49,3.36,2.97,-244.63,19.99,40,0.39,0.08,1,8065,2024-12-13 00:00:00.000
5671,10447902,Nat Gilpin,75211,,2013-04-15,2013-04-17,9,1031.23,3.36,2.97,-138.54,19.99,32,0.39,0.07,1,5247,2024-12-13 00:00:00.000
5671,10447902,Fred McMath,75211,,2013-07-16,2013-07-18,9,1631.04,3.36,2.97,665.63,1.99,48,0.39,0,1,2651,2024-12-13 00:00:00.000
5671,10447902,Eleni McCrary,75211,,2013-08-28,2013-09-02,9,677.9,3.36,2.97,196.36,1.99,20,0.39,0.05,1,4388,2024-12-13 00:00:00.000
5671,10447902,Barry Franz,75211,,2013-11-29,2013-11-29,9,461.55,3.36,2.97,-12,19.99,14,0.39,0.09,1,1402,2024-12-13 00:00:00.000
5671,10447902,Kean Thornton,75211,,2014-05-21,2014-05-21,9,748.83,3.36,2.97,250.01,1.99,21,0.39,0.01,1,916,2024-12-13 00:00:00.000
5671,10447902,Doug Bickford,75211,,2014-05-27,2014-05-29,9,854.88,3.36,2.97,-44.14,19.99,25,0.39,0.09,1,1462,2024-12-13 00:00:00.000
5671,10447902,Kean Thornton,75211,,2015-01-27,2015-01-28,9,463.83,3.36,2.97,103.26,1.99,13,0.39,0,1,691,2024-12-13 00:00:00.000
5671,10447902,Julia West,75211,,2015-06-11,2015-06-13,9,899.97,3.36,2.97,-246.3,19.99,27,0.39,0.09,1,6330,2024-12-13 00:00:00.000
5671,10447902,Mitch Willingham,75211,,2015-07-13,2015-07-14,9,1233.76,3.36,2.97,-168.08,19.99,38,0.39,0.06,1,7475,2024-12-13 00:00:00.000
5671,10447902,Toby Swindell,75211,,2012-12-28,2012-12-30,10,575.74,3.36,2.97,152.6,1.99,27,0.39,0.06,1,6343,2024-12-13 00:00:00.000
5671,10447902,Linda Southworth,75211,,2013-01-03,2013-01-05,10,277.42,3.36,2.97,49.82,1.99,12,0.39,0.01,1,1235,2024-12-13 00:00:00.000
5671,10447902,Mike Gockenbach,75211,,2013-09-18,2013-09-22,10,801.44,3.36,2.97,308.12,1.99,35,0.39,0.01,1,2907,2024-12-13 00:00:00.000
5671,10447902,Paul Stevenson,75211,,2014-05-10,2014-05-12,10,179.66,3.36,2.97,-1.73,1.99,8,0.39,0.01,1,4304,2024-12-13 00:00:00.000
5671,10447902,Christine Sundaresam,75211,,2014-06-05,2014-06-06,10,333.3,3.36,2.97,71.04,1.99,15,0.39,0.03,1,2786,2024-12-13 00:00:00.000
5671,10447902,Benjamin Patterson,75211,,2014-11-18,2014-11-20,10,416.39,3.36,2.97,119.47,1.99,18,0.39,0.06,1,5135,2024-12-13 00:00:00.000
5671,10447902,Alyssa Crouse,75211,,2015-05-08,2015-05-08,10,372.09,3.36,2.97,98.28,1.99,16,0.39,0.04,1,2979,2024-12-13 00:00:00.000
5671,10447902,Roy Phan,75211,,2015-09-22,2015-09-24,10,795.52,3.36,2.97,290.64,1.99,36,0.39,0.08,1,4338,2024-12-13 00:00:00.000
5671,10447902,Alan Hwang,75211,,2015-11-11,2015-11-14,10,378.08,3.36,2.97,70.48,1.99,17,0.39,0,1,4423,2024-12-13 00:00:00.000
5671,10447902,Dave Hallsten,75211,,2015-12-02,2015-12-02,10,1100.21,3.36,2.97,433.59,1.99,50,0.39,0.03,1,1793,2024-12-13 00:00:00.000
5808,680972502,Giulietta Dortch,75211,,2012-01-10,2012-01-11,9,1177.5,3.36,2.97,420.05,1.99,34,0.39,0.02,1,4073,2024-12-13 00:00:00.000
5808,680972502,Raymond Fair,75211,,2012-04-13,2012-04-15,9,951.06,3.36,2.97,331.27,1.99,28,0.39,0.02,1,6278,2024-12-13 00:00:00.000
5808,680972502,Debra Catini,75211,,2012-09-14,2012-09-15,9,936.95,3.36,2.97,-0.74,19.99,26,0.39,0.03,1,1002,2024-12-13 00:00:00.000
5808,680972502,Nathan Mautz,75211,,2013-01-20,2013-01-22,9,864.16,3.36,2.97,-175.47,19.99,26,0.39,0.09,1,4871,2024-12-13 00:00:00.000
5808,680972502,Christina Vanderzanden,75211,,2013-02-20,2013-02-22,9,1370.49,3.36,2.97,-244.63,19.99,40,0.39,0.08,1,8065,2024-12-13 00:00:00.000
5808,680972502,Nat Gilpin,75211,,2013-04-15,2013-04-17,9,1031.23,3.36,2.97,-138.54,19.99,32,0.39,0.07,1,5247,2024-12-13 00:00:00.000
5808,680972502,Fred McMath,75211,,2013-07-16,2013-07-18,9,1631.04,3.36,2.97,665.63,1.99,48,0.39,0,1,2651,2024-12-13 00:00:00.000
5808,680972502,Eleni McCrary,75211,,2013-08-28,2013-09-02,9,677.9,3.36,2.97,196.36,1.99,20,0.39,0.05,1,4388,2024-12-13 00:00:00.000
5808,680972502,Barry Franz,75211,,2013-11-29,2013-11-29,9,461.55,3.36,2.97,-12,19.99,14,0.39,0.09,1,1402,2024-12-13 00:00:00.000
5808,680972502,Kean Thornton,75211,,2014-05-21,2014-05-21,9,748.83,3.36,2.97,250.01,1.99,21,0.39,0.01,1,916,2024-12-13 00:00:00.000
5808,680972502,Doug Bickford,75211,,2014-05-27,2014-05-29,9,854.88,3.36,2.97,-44.14,19.99,25,0.39,0.09,1,1462,2024-12-13 00:00:00.000
5808,680972502,Kean Thornton,75211,,2015-01-27,2015-01-28,9,463.83,3.36,2.97,103.26,1.99,13,0.39,0,1,691,2024-12-13 00:00:00.000
5808,680972502,Julia West,75211,,2015-06-11,2015-06-13,9,899.97,3.36,2.97,-246.3,19.99,27,0.39,0.09,1,6330,2024-12-13 00:00:00.000
5808,680972502,Mitch Willingham,75211,,2015-07-13,2015-07-14,9,1233.76,3.36,2.97,-168.08,19.99,38,0.39,0.06,1,7475,2024-12-13 00:00:00.000
5808,680972502,Toby Swindell,75211,,2012-12-28,2012-12-30,10,575.74,3.36,2.97,152.6,1.99,27,0.39,0.06,1,6343,2024-12-13 00:00:00.000
5808,680972502,Linda Southworth,75211,,2013-01-03,2013-01-05,10,277.42,3.36,2.97,49.82,1.99,12,0.39,0.01,1,1235,2024-12-13 00:00:00.000
5808,680972502,Mike Gockenbach,75211,,2013-09-18,2013-09-22,10,801.44,3.36,2.97,308.12,1.99,35,0.39,0.01,1,2907,2024-12-13 00:00:00.000
5808,680972502,Paul Stevenson,75211,,2014-05-10,2014-05-12,10,179.66,3.36,2.97,-1.73,1.99,8,0.39,0.01,1,4304,2024-12-13 00:00:00.000
5808,680972502,Christine Sundaresam,75211,,2014-06-05,2014-06-06,10,333.3,3.36,2.97,71.04,1.99,15,0.39,0.03,1,2786,2024-12-13 00:00:00.000
5808,680972502,Benjamin Patterson,75211,,2014-11-18,2014-11-20,10,416.39,3.36,2.97,119.47,1.99,18,0.39,0.06,1,5135,2024-12-13 00:00:00.000
5808,680972502,Alyssa Crouse,75211,,2015-05-08,2015-05-08,10,372.09,3.36,2.97,98.28,1.99,16,0.39,0.04,1,2979,2024-12-13 00:00:00.000
5808,680972502,Roy Phan,75211,,2015-09-22,2015-09-24,10,795.52,3.36,2.97,290.64,1.99,36,0.39,0.08,1,4338,2024-12-13 00:00:00.000
5808,680972502,Alan Hwang,75211,,2015-11-11,2015-11-14,10,378.08,3.36,2.97,70.48,1.99,17,0.39,0,1,4423,2024-12-13 00:00:00.000
5808,680972502,Dave Hallsten,75211,,2015-12-02,2015-12-02,10,1100.21,3.36,2.97,433.59,1.99,50,0.39,0.03,1,1793,2024-12-13 00:00:00.000
6070,12166385,Mitch Webber,75211,,2012-05-25,2012-05-27,2,889.84,3.36,2.97,204.49,8.23,34,0.39,0.1,1,5558,2024-12-13 00:00:00.000
6070,12166385,Kelly Williams,75211,,2015-07-16,2015-07-17,2,1406.64,3.36,2.97,424.36,8.23,50,0.39,0.02,1,1356,2024-12-13 00:00:00.000
6070,12166385,Naresj Patel,75211,,2015-09-04,2015-09-09,2,1112.54,3.36,2.97,352.96,8.23,38,0.39,0.01,1,5580,2024-12-13 00:00:00.000
6184,165870583,Sonia Sunley,75211,,2012-02-04,2012-02-05,4,671.03,3.36,2.97,67.864,6.46,47,0.39,0.07,1,2049,2024-12-13 00:00:00.000
6184,165870583,Roland Fjeld,75211,,2013-05-24,2013-05-26,4,82.72,3.36,2.97,-29.71,1.99,6,0.39,0.08,1,364,2024-12-13 00:00:00.000
6184,165870583,Andrew Allen,75211,,2013-07-14,2013-07-17,4,278.68,3.36,2.97,8.8995,6.46,20,0.39,0.06,1,351,2024-12-13 00:00:00.000
6184,165870583,Anthony Johnson,75211,,2013-08-04,2013-08-04,4,17.19,3.36,2.97,-35.34,1.99,1,0.39,0,1,3371,2024-12-13 00:00:00.000
6184,165870583,Fred Harton,75211,,2013-08-06,2013-08-09,4,349.65,3.36,2.97,28.5515,6.46,24,0.39,0.1,1,2581,2024-12-13 00:00:00.000
6184,165870583,Giulietta Dortch,75211,,2014-02-20,2014-02-22,4,538.14,3.36,2.97,111.42,1.99,39,0.39,0.06,1,2970,2024-12-13 00:00:00.000
6184,165870583,Karen Carlisle,75211,,2014-07-10,2014-07-14,4,344.25,3.36,2.97,23.9615,6.46,24,0.39,0.1,1,7668,2024-12-13 00:00:00.000
6184,165870583,Steve Nguyen,75211,,2014-09-30,2014-10-02,4,682.77,3.36,2.97,165.2,1.99,49,0.39,0.05,1,1910,2024-12-13 00:00:00.000
6184,165870583,Stewart Visinsky,75211,,2014-10-04,2014-10-06,4,31.7,3.36,2.97,-44.39,1.99,2,0.39,0.05,1,7686,2024-12-13 00:00:00.000
6184,165870583,Brian DeCherney,75211,,2014-11-02,2014-11-04,4,293.27,3.36,2.97,44.56,1.99,21,0.39,0.07,1,4806,2024-12-13 00:00:00.000
6184,165870583,Peter Fuller,75211,,2014-12-02,2014-12-03,4,472.35,3.36,2.97,61.676,6.46,31,0.39,0.03,1,5288,2024-12-13 00:00:00.000
6184,165870583,Michelle Huthwaite,75211,,2015-06-18,2015-06-20,4,192.44,3.36,2.97,6.7745,6.46,13,0.39,0.05,1,6141,2024-12-13 00:00:00.000
6184,165870583,Muhammed Yedwab,75211,,2015-08-28,2015-08-28,4,262.32,3.36,2.97,5.1595,6.46,19,0.39,0.07,1,1000,2024-12-13 00:00:00.000
6184,165870583,Pauline Webber,75211,,2015-09-25,2015-09-27,4,362.76,3.36,2.97,19.363,6.46,26,0.39,0.09,1,3029,2024-12-13 00:00:00.000
6185,141988249,George Ashbrook,75211,,2012-01-07,2012-01-10,7,158.04,2.98,2.97,-263.09,14.52,2,0.01,0.03,1,2539,2024-12-13 00:00:00.000
6185,141988249,Victoria Brennan,75211,,2012-01-23,2012-01-25,7,1383.2,2.98,2.97,-23.44,12.14,18,0.01,0.01,1,3485,2024-12-13 00:00:00.000
6185,141988249,Dennis Kane,75211,,2012-03-12,2012-03-13,7,1388.91,2.98,2.97,-229.87,4,20,0.01,0.1,1,4662,2024-12-13 00:00:00.000
6185,141988249,Lindsay Castell,75211,,2012-03-12,2012-03-14,7,1146.41,2.98,2.97,-88.61,14.52,15,0.01,0,1,1733,2024-12-13 00:00:00.000
6185,141988249,Sonia Sunley,75211,,2012-05-15,2012-05-18,7,3197.45,2.98,2.97,97.16,4,46,0.01,0.08,1,1381,2024-12-13 00:00:00.000
6185,141988249,Arthur Wiediger,75211,,2012-05-18,2012-05-20,7,3596.36,2.98,2.97,326.25,12.14,47,0.01,0,1,2858,2024-12-13 00:00:00.000
6185,141988249,Vivian Mathis,75211,,2012-06-29,2012-06-30,7,1651.09,2.98,2.97,-2.38,12.14,22,0.01,0.05,1,320,2024-12-13 00:00:00.000
6185,141988249,Patrick Gardner,75211,,2012-08-22,2012-08-23,7,3277.39,2.98,2.97,286.01,4,43,0.01,0.02,1,5897,2024-12-13 00:00:00.000
6185,141988249,Eva Jacobs,75211,,2012-11-07,2012-11-10,7,453.87,2.98,2.97,-217.69,14.52,6,0.01,0.02,1,3771,2024-12-13 00:00:00.000
6185,141988249,Matt Collister,75211,,2012-12-07,2012-12-10,7,3421.88,2.98,2.97,443.52,4,44,0.01,0,1,7643,2024-12-13 00:00:00.000
6185,141988249,Sonia Sunley,75211,,2013-04-15,2013-04-20,7,365.93,2.98,2.97,-243.02,14.52,5,0.01,0.05,1,3154,2024-12-13 00:00:00.000
6185,141988249,Matt Connell,75211,,2013-09-25,2013-09-27,7,2911.64,2.98,2.97,225.28,14.52,37,0.01,0.02,1,2376,2024-12-13 00:00:00.000
6185,141988249,Evan Henry,75211,,2013-11-25,2013-12-02,7,900.06,2.98,2.97,-221.12,14.52,12,0.01,0.05,1,722,2024-12-13 00:00:00.000
6185,141988249,Phillip Breyer,75211,,2013-12-09,2013-12-10,7,1143.88,2.98,2.97,-88.7,4,15,0.01,0.04,1,959,2024-12-13 00:00:00.000
6185,141988249,Patrick Jones,75211,,2014-03-18,2014-03-20,7,1557.42,2.98,2.97,-123.81,4,21,0.01,0.01,1,526,2024-12-13 00:00:00.000
6185,141988249,Liz Carlisle,75211,,2014-06-23,2014-06-24,7,767.34,2.98,2.97,-154.65,14.52,10,0.01,0.04,1,1404,2024-12-13 00:00:00.000
6185,141988249,Jack O'Briant,75211,,2014-06-27,2014-06-28,7,2492.97,2.98,2.97,131.02,14.52,33,0.01,0.06,1,7572,2024-12-13 00:00:00.000
6185,141988249,Bobby Trafton,75211,,2014-11-21,2014-11-22,7,1121.84,2.98,2.97,-173.66,12.14,15,0.01,0,1,7897,2024-12-13 00:00:00.000
6185,141988249,Valerie Dominguez,75211,,2015-02-08,2015-02-09,7,3601.07,2.98,2.97,174.8,14.52,50,0.01,0.04,1,6197,2024-12-13 00:00:00.000
6185,141988249,Sam Craven,75211,,2015-05-05,2015-05-05,7,294.89,2.98,2.97,-321.84,12.14,4,0.01,0.09,1,290,2024-12-13 00:00:00.000
6185,141988249,Stephanie Ulpright,75211,,2015-09-30,2015-10-01,7,3333.1,2.98,2.97,-85.03,4,50,0.01,0.1,1,3830,2024-12-13 00:00:00.000
6185,141988249,John Murray,75211,,2015-10-14,2015-10-16,7,3413.69,2.98,2.97,175.24,14.52,47,0.01,0.06,1,4521,2024-12-13 00:00:00.000
6185,141988249,Deanra Eno,75211,,2015-11-09,2015-11-10,7,1560.96,2.98,2.97,-120.27,4,21,0.01,0.07,1,3039,2024-12-13 00:00:00.000
6186,12166390,George Ashbrook,75211,,2012-01-07,2012-01-10,7,158.04,3.36,2.97,-263.09,14.52,2,0.39,0.03,1,2539,2024-12-13 00:00:00.000
6186,12166390,Victoria Brennan,75211,,2012-01-23,2012-01-25,7,1383.2,3.36,2.97,-23.44,12.14,18,0.39,0.01,1,3485,2024-12-13 00:00:00.000
6186,12166390,Dennis Kane,75211,,2012-03-12,2012-03-13,7,1388.91,3.36,2.97,-229.87,4,20,0.39,0.1,1,4662,2024-12-13 00:00:00.000
6186,12166390,Lindsay Castell,75211,,2012-03-12,2012-03-14,7,1146.41,3.36,2.97,-88.61,14.52,15,0.39,0,1,1733,2024-12-13 00:00:00.000
6186,12166390,Sonia Sunley,75211,,2012-05-15,2012-05-18,7,3197.45,3.36,2.97,97.16,4,46,0.39,0.08,1,1381,2024-12-13 00:00:00.000
6186,12166390,Arthur Wiediger,75211,,2012-05-18,2012-05-20,7,3596.36,3.36,2.97,326.25,12.14,47,0.39,0,1,2858,2024-12-13 00:00:00.000
6186,12166390,Vivian Mathis,75211,,2012-06-29,2012-06-30,7,1651.09,3.36,2.97,-2.38,12.14,22,0.39,0.05,1,320,2024-12-13 00:00:00.000
6186,12166390,Patrick Gardner,75211,,2012-08-22,2012-08-23,7,3277.39,3.36,2.97,286.01,4,43,0.39,0.02,1,5897,2024-12-13 00:00:00.000
6186,12166390,Eva Jacobs,75211,,2012-11-07,2012-11-10,7,453.87,3.36,2.97,-217.69,14.52,6,0.39,0.02,1,3771,2024-12-13 00:00:00.000
6186,12166390,Matt Collister,75211,,2012-12-07,2012-12-10,7,3421.88,3.36,2.97,443.52,4,44,0.39,0,1,7643,2024-12-13 00:00:00.000
6186,12166390,Sonia Sunley,75211,,2013-04-15,2013-04-20,7,365.93,3.36,2.97,-243.02,14.52,5,0.39,0.05,1,3154,2024-12-13 00:00:00.000
6186,12166390,Matt Connell,75211,,2013-09-25,2013-09-27,7,2911.64,3.36,2.97,225.28,14.52,37,0.39,0.02,1,2376,2024-12-13 00:00:00.000
6186,12166390,Evan Henry,75211,,2013-11-25,2013-12-02,7,900.06,3.36,2.97,-221.12,14.52,12,0.39,0.05,1,722,2024-12-13 00:00:00.000
6186,12166390,Phillip Breyer,75211,,2013-12-09,2013-12-10,7,1143.88,3.36,2.97,-88.7,4,15,0.39,0.04,1,959,2024-12-13 00:00:00.000
6186,12166390,Patrick Jones,75211,,2014-03-18,2014-03-20,7,1557.42,3.36,2.97,-123.81,4,21,0.39,0.01,1,526,2024-12-13 00:00:00.000
6186,12166390,Liz Carlisle,75211,,2014-06-23,2014-06-24,7,767.34,3.36,2.97,-154.65,14.52,10,0.39,0.04,1,1404,2024-12-13 00:00:00.000
6186,12166390,Jack O'Briant,75211,,2014-06-27,2014-06-28,7,2492.97,3.36,2.97,131.02,14.52,33,0.39,0.06,1,7572,2024-12-13 00:00:00.000
6186,12166390,Bobby Trafton,75211,,2014-11-21,2014-11-22,7,1121.84,3.36,2.97,-173.66,12.14,15,0.39,0,1,7897,2024-12-13 00:00:00.000
6186,12166390,Valerie Dominguez,75211,,2015-02-08,2015-02-09,7,3601.07,3.36,2.97,174.8,14.52,50,0.39,0.04,1,6197,2024-12-13 00:00:00.000
6186,12166390,Sam Craven,75211,,2015-05-05,2015-05-05,7,294.89,3.36,2.97,-321.84,12.14,4,0.39,0.09,1,290,2024-12-13 00:00:00.000
6186,12166390,Stephanie Ulpright,75211,,2015-09-30,2015-10-01,7,3333.1,3.36,2.97,-85.03,4,50,0.39,0.1,1,3830,2024-12-13 00:00:00.000
6186,12166390,John Murray,75211,,2015-10-14,2015-10-16,7,3413.69,3.36,2.97,175.24,14.52,47,0.39,0.06,1,4521,2024-12-13 00:00:00.000
6186,12166390,Deanra Eno,75211,,2015-11-09,2015-11-10,7,1560.96,3.36,2.97,-120.27,4,21,0.39,0.07,1,3039,2024-12-13 00:00:00.000
8044,10316267,George Ashbrook,75211,,2012-01-07,2012-01-10,7,158.04,21.98,19.78,-263.09,14.52,2,2.2,0.03,1,2539,2024-12-13 00:00:00.000
8044,10316267,Victoria Brennan,75211,,2012-01-23,2012-01-25,7,1383.2,21.98,19.78,-23.44,12.14,18,2.2,0.01,1,3485,2024-12-13 00:00:00.000
8044,10316267,Dennis Kane,75211,,2012-03-12,2012-03-13,7,1388.91,21.98,19.78,-229.87,4,20,2.2,0.1,1,4662,2024-12-13 00:00:00.000
8044,10316267,Lindsay Castell,75211,,2012-03-12,2012-03-14,7,1146.41,21.98,19.78,-88.61,14.52,15,2.2,0,1,1733,2024-12-13 00:00:00.000
8044,10316267,Sonia Sunley,75211,,2012-05-15,2012-05-18,7,3197.45,21.98,19.78,97.16,4,46,2.2,0.08,1,1381,2024-12-13 00:00:00.000
8044,10316267,Arthur Wiediger,75211,,2012-05-18,2012-05-20,7,3596.36,21.98,19.78,326.25,12.14,47,2.2,0,1,2858,2024-12-13 00:00:00.000
8044,10316267,Vivian Mathis,75211,,2012-06-29,2012-06-30,7,1651.09,21.98,19.78,-2.38,12.14,22,2.2,0.05,1,320,2024-12-13 00:00:00.000
8044,10316267,Patrick Gardner,75211,,2012-08-22,2012-08-23,7,3277.39,21.98,19.78,286.01,4,43,2.2,0.02,1,5897,2024-12-13 00:00:00.000
8044,10316267,Eva Jacobs,75211,,2012-11-07,2012-11-10,7,453.87,21.98,19.78,-217.69,14.52,6,2.2,0.02,1,3771,2024-12-13 00:00:00.000
8044,10316267,Matt Collister,75211,,2012-12-07,2012-12-10,7,3421.88,21.98,19.78,443.52,4,44,2.2,0,1,7643,2024-12-13 00:00:00.000
8044,10316267,Sonia Sunley,75211,,2013-04-15,2013-04-20,7,365.93,21.98,19.78,-243.02,14.52,5,2.2,0.05,1,3154,2024-12-13 00:00:00.000
8044,10316267,Matt Connell,75211,,2013-09-25,2013-09-27,7,2911.64,21.98,19.78,225.28,14.52,37,2.2,0.02,1,2376,2024-12-13 00:00:00.000
8044,10316267,Evan Henry,75211,,2013-11-25,2013-12-02,7,900.06,21.98,19.78,-221.12,14.52,12,2.2,0.05,1,722,2024-12-13 00:00:00.000
8044,10316267,Phillip Breyer,75211,,2013-12-09,2013-12-10,7,1143.88,21.98,19.78,-88.7,4,15,2.2,0.04,1,959,2024-12-13 00:00:00.000
8044,10316267,Patrick Jones,75211,,2014-03-18,2014-03-20,7,1557.42,21.98,19.78,-123.81,4,21,2.2,0.01,1,526,2024-12-13 00:00:00.000
8044,10316267,Liz Carlisle,75211,,2014-06-23,2014-06-24,7,767.34,21.98,19.78,-154.65,14.52,10,2.2,0.04,1,1404,2024-12-13 00:00:00.000
8044,10316267,Jack O'Briant,75211,,2014-06-27,2014-06-28,7,2492.97,21.98,19.78,131.02,14.52,33,2.2,0.06,1,7572,2024-12-13 00:00:00.000
8044,10316267,Bobby Trafton,75211,,2014-11-21,2014-11-22,7,1121.84,21.98,19.78,-173.66,12.14,15,2.2,0,1,7897,2024-12-13 00:00:00.000
8044,10316267,Valerie Dominguez,75211,,2015-02-08,2015-02-09,7,3601.07,21.98,19.78,174.8,14.52,50,2.2,0.04,1,6197,2024-12-13 00:00:00.000
8044,10316267,Sam Craven,75211,,2015-05-05,2015-05-05,7,294.89,21.98,19.78,-321.84,12.14,4,2.2,0.09,1,290,2024-12-13 00:00:00.000
8044,10316267,Stephanie Ulpright,75211,,2015-09-30,2015-10-01,7,3333.1,21.98,19.78,-85.03,4,50,2.2,0.1,1,3830,2024-12-13 00:00:00.000
8044,10316267,John Murray,75211,,2015-10-14,2015-10-16,7,3413.69,21.98,19.78,175.24,14.52,47,2.2,0.06,1,4521,2024-12-13 00:00:00.000
8044,10316267,Deanra Eno,75211,,2015-11-09,2015-11-10,7,1560.96,21.98,19.78,-120.27,4,21,2.2,0.07,1,3039,2024-12-13 00:00:00.000
9759,34542891,George Ashbrook,33012,,2012-01-07,2012-01-10,7,158.04,2.34,2.08,-263.09,14.52,2,0.26,0.03,1,2539,2024-12-13 00:00:00.000
9759,34542891,Victoria Brennan,33012,,2012-01-23,2012-01-25,7,1383.2,2.34,2.08,-23.44,12.14,18,0.26,0.01,1,3485,2024-12-13 00:00:00.000
9759,34542891,Dennis Kane,33012,,2012-03-12,2012-03-13,7,1388.91,2.34,2.08,-229.87,4,20,0.26,0.1,1,4662,2024-12-13 00:00:00.000
9759,34542891,Lindsay Castell,33012,,2012-03-12,2012-03-14,7,1146.41,2.34,2.08,-88.61,14.52,15,0.26,0,1,1733,2024-12-13 00:00:00.000
9759,34542891,Sonia Sunley,33012,,2012-05-15,2012-05-18,7,3197.45,2.34,2.08,97.16,4,46,0.26,0.08,1,1381,2024-12-13 00:00:00.000
9759,34542891,Arthur Wiediger,33012,,2012-05-18,2012-05-20,7,3596.36,2.34,2.08,326.25,12.14,47,0.26,0,1,2858,2024-12-13 00:00:00.000
9759,34542891,Vivian Mathis,33012,,2012-06-29,2012-06-30,7,1651.09,2.34,2.08,-2.38,12.14,22,0.26,0.05,1,320,2024-12-13 00:00:00.000
9759,34542891,Patrick Gardner,33012,,2012-08-22,2012-08-23,7,3277.39,2.34,2.08,286.01,4,43,0.26,0.02,1,5897,2024-12-13 00:00:00.000
9759,34542891,Eva Jacobs,33012,,2012-11-07,2012-11-10,7,453.87,2.34,2.08,-217.69,14.52,6,0.26,0.02,1,3771,2024-12-13 00:00:00.000
9759,34542891,Matt Collister,33012,,2012-12-07,2012-12-10,7,3421.88,2.34,2.08,443.52,4,44,0.26,0,1,7643,2024-12-13 00:00:00.000
9759,34542891,Sonia Sunley,33012,,2013-04-15,2013-04-20,7,365.93,2.34,2.08,-243.02,14.52,5,0.26,0.05,1,3154,2024-12-13 00:00:00.000
9759,34542891,Matt Connell,33012,,2013-09-25,2013-09-27,7,2911.64,2.34,2.08,225.28,14.52,37,0.26,0.02,1,2376,2024-12-13 00:00:00.000
9759,34542891,Evan Henry,33012,,2013-11-25,2013-12-02,7,900.06,2.34,2.08,-221.12,14.52,12,0.26,0.05,1,722,2024-12-13 00:00:00.000
9759,34542891,Phillip Breyer,33012,,2013-12-09,2013-12-10,7,1143.88,2.34,2.08,-88.7,4,15,0.26,0.04,1,959,2024-12-13 00:00:00.000
9759,34542891,Patrick Jones,33012,,2014-03-18,2014-03-20,7,1557.42,2.34,2.08,-123.81,4,21,0.26,0.01,1,526,2024-12-13 00:00:00.000
9759,34542891,Liz Carlisle,33012,,2014-06-23,2014-06-24,7,767.34,2.34,2.08,-154.65,14.52,10,0.26,0.04,1,1404,2024-12-13 00:00:00.000
9759,34542891,Jack O'Briant,33012,,2014-06-27,2014-06-28,7,2492.97,2.34,2.08,131.02,14.52,33,0.26,0.06,1,7572,2024-12-13 00:00:00.000
9759,34542891,Bobby Trafton,33012,,2014-11-21,2014-11-22,7,1121.84,2.34,2.08,-173.66,12.14,15,0.26,0,1,7897,2024-12-13 00:00:00.000
9759,34542891,Valerie Dominguez,33012,,2015-02-08,2015-02-09,7,3601.07,2.34,2.08,174.8,14.52,50,0.26,0.04,1,6197,2024-12-13 00:00:00.000
9759,34542891,Sam Craven,33012,,2015-05-05,2015-05-05,7,294.89,2.34,2.08,-321.84,12.14,4,0.26,0.09,1,290,2024-12-13 00:00:00.000
9759,34542891,Stephanie Ulpright,33012,,2015-09-30,2015-10-01,7,3333.1,2.34,2.08,-85.03,4,50,0.26,0.1,1,3830,2024-12-13 00:00:00.000
9759,34542891,John Murray,33012,,2015-10-14,2015-10-16,7,3413.69,2.34,2.08,175.24,14.52,47,0.26,0.06,1,4521,2024-12-13 00:00:00.000
9759,34542891,Deanra Eno,33012,,2015-11-09,2015-11-10,7,1560.96,2.34,2.08,-120.27,4,21,0.26,0.07,1,3039,2024-12-13 00:00:00.000
10646,34542891,George Ashbrook,94565,,2012-01-07,2012-01-10,7,158.04,2.34,2.08,-263.09,14.52,2,0.26,0.03,1,2539,2024-12-13 00:00:00.000
10646,34542891,Victoria Brennan,94565,,2012-01-23,2012-01-25,7,1383.2,2.34,2.08,-23.44,12.14,18,0.26,0.01,1,3485,2024-12-13 00:00:00.000
10646,34542891,Dennis Kane,94565,,2012-03-12,2012-03-13,7,1388.91,2.34,2.08,-229.87,4,20,0.26,0.1,1,4662,2024-12-13 00:00:00.000
10646,34542891,Lindsay Castell,94565,,2012-03-12,2012-03-14,7,1146.41,2.34,2.08,-88.61,14.52,15,0.26,0,1,1733,2024-12-13 00:00:00.000
10646,34542891,Sonia Sunley,94565,,2012-05-15,2012-05-18,7,3197.45,2.34,2.08,97.16,4,46,0.26,0.08,1,1381,2024-12-13 00:00:00.000
10646,34542891,Arthur Wiediger,94565,,2012-05-18,2012-05-20,7,3596.36,2.34,2.08,326.25,12.14,47,0.26,0,1,2858,2024-12-13 00:00:00.000
10646,34542891,Vivian Mathis,94565,,2012-06-29,2012-06-30,7,1651.09,2.34,2.08,-2.38,12.14,22,0.26,0.05,1,320,2024-12-13 00:00:00.000
10646,34542891,Patrick Gardner,94565,,2012-08-22,2012-08-23,7,3277.39,2.34,2.08,286.01,4,43,0.26,0.02,1,5897,2024-12-13 00:00:00.000
10646,34542891,Eva Jacobs,94565,,2012-11-07,2012-11-10,7,453.87,2.34,2.08,-217.69,14.52,6,0.26,0.02,1,3771,2024-12-13 00:00:00.000
10646,34542891,Matt Collister,94565,,2012-12-07,2012-12-10,7,3421.88,2.34,2.08,443.52,4,44,0.26,0,1,7643,2024-12-13 00:00:00.000
10646,34542891,Sonia Sunley,94565,,2013-04-15,2013-04-20,7,365.93,2.34,2.08,-243.02,14.52,5,0.26,0.05,1,3154,2024-12-13 00:00:00.000
10646,34542891,Matt Connell,94565,,2013-09-25,2013-09-27,7,2911.64,2.34,2.08,225.28,14.52,37,0.26,0.02,1,2376,2024-12-13 00:00:00.000
10646,34542891,Evan Henry,94565,,2013-11-25,2013-12-02,7,900.06,2.34,2.08,-221.12,14.52,12,0.26,0.05,1,722,2024-12-13 00:00:00.000
10646,34542891,Phillip Breyer,94565,,2013-12-09,2013-12-10,7,1143.88,2.34,2.08,-88.7,4,15,0.26,0.04,1,959,2024-12-13 00:00:00.000
10646,34542891,Patrick Jones,94565,,2014-03-18,2014-03-20,7,1557.42,2.34,2.08,-123.81,4,21,0.26,0.01,1,526,2024-12-13 00:00:00.000
10646,34542891,Liz Carlisle,94565,,2014-06-23,2014-06-24,7,767.34,2.34,2.08,-154.65,14.52,10,0.26,0.04,1,1404,2024-12-13 00:00:00.000
10646,34542891,Jack O'Briant,94565,,2014-06-27,2014-06-28,7,2492.97,2.34,2.08,131.02,14.52,33,0.26,0.06,1,7572,2024-12-13 00:00:00.000
10646,34542891,Bobby Trafton,94565,,2014-11-21,2014-11-22,7,1121.84,2.34,2.08,-173.66,12.14,15,0.26,0,1,7897,2024-12-13 00:00:00.000
10646,34542891,Valerie Dominguez,94565,,2015-02-08,2015-02-09,7,3601.07,2.34,2.08,174.8,14.52,50,0.26,0.04,1,6197,2024-12-13 00:00:00.000
10646,34542891,Sam Craven,94565,,2015-05-05,2015-05-05,7,294.89,2.34,2.08,-321.84,12.14,4,0.26,0.09,1,290,2024-12-13 00:00:00.000
10646,34542891,Stephanie Ulpright,94565,,2015-09-30,2015-10-01,7,3333.1,2.34,2.08,-85.03,4,50,0.26,0.1,1,3830,2024-12-13 00:00:00.000
10646,34542891,John Murray,94565,,2015-10-14,2015-10-16,7,3413.69,2.34,2.08,175.24,14.52,47,0.26,0.06,1,4521,2024-12-13 00:00:00.000
10646,34542891,Deanra Eno,94565,,2015-11-09,2015-11-10,7,1560.96,2.34,2.08,-120.27,4,21,0.26,0.07,1,3039,2024-12-13 00:00:00.000
10659,34542891,George Ashbrook,94565,,2012-01-07,2012-01-10,7,158.04,2.34,2.08,-263.09,14.52,2,0.26,0.03,1,2539,2024-12-13 00:00:00.000
10659,34542891,Victoria Brennan,94565,,2012-01-23,2012-01-25,7,1383.2,2.34,2.08,-23.44,12.14,18,0.26,0.01,1,3485,2024-12-13 00:00:00.000
10659,34542891,Dennis Kane,94565,,2012-03-12,2012-03-13,7,1388.91,2.34,2.08,-229.87,4,20,0.26,0.1,1,4662,2024-12-13 00:00:00.000
10659,34542891,Lindsay Castell,94565,,2012-03-12,2012-03-14,7,1146.41,2.34,2.08,-88.61,14.52,15,0.26,0,1,1733,2024-12-13 00:00:00.000
10659,34542891,Sonia Sunley,94565,,2012-05-15,2012-05-18,7,3197.45,2.34,2.08,97.16,4,46,0.26,0.08,1,1381,2024-12-13 00:00:00.000
10659,34542891,Arthur Wiediger,94565,,2012-05-18,2012-05-20,7,3596.36,2.34,2.08,326.25,12.14,47,0.26,0,1,2858,2024-12-13 00:00:00.000
10659,34542891,Vivian Mathis,94565,,2012-06-29,2012-06-30,7,1651.09,2.34,2.08,-2.38,12.14,22,0.26,0.05,1,320,2024-12-13 00:00:00.000
10659,34542891,Patrick Gardner,94565,,2012-08-22,2012-08-23,7,3277.39,2.34,2.08,286.01,4,43,0.26,0.02,1,5897,2024-12-13 00:00:00.000
10659,34542891,Eva Jacobs,94565,,2012-11-07,2012-11-10,7,453.87,2.34,2.08,-217.69,14.52,6,0.26,0.02,1,3771,2024-12-13 00:00:00.000
10659,34542891,Matt Collister,94565,,2012-12-07,2012-12-10,7,3421.88,2.34,2.08,443.52,4,44,0.26,0,1,7643,2024-12-13 00:00:00.000
10659,34542891,Sonia Sunley,94565,,2013-04-15,2013-04-20,7,365.93,2.34,2.08,-243.02,14.52,5,0.26,0.05,1,3154,2024-12-13 00:00:00.000
10659,34542891,Matt Connell,94565,,2013-09-25,2013-09-27,7,2911.64,2.34,2.08,225.28,14.52,37,0.26,0.02,1,2376,2024-12-13 00:00:00.000
10659,34542891,Evan Henry,94565,,2013-11-25,2013-12-02,7,900.06,2.34,2.08,-221.12,14.52,12,0.26,0.05,1,722,2024-12-13 00:00:00.000
10659,34542891,Phillip Breyer,94565,,2013-12-09,2013-12-10,7,1143.88,2.34,2.08,-88.7,4,15,0.26,0.04,1,959,2024-12-13 00:00:00.000
10659,34542891,Patrick Jones,94565,,2014-03-18,2014-03-20,7,1557.42,2.34,2.08,-123.81,4,21,0.26,0.01,1,526,2024-12-13 00:00:00.000
10659,34542891,Liz Carlisle,94565,,2014-06-23,2014-06-24,7,767.34,2.34,2.08,-154.65,14.52,10,0.26,0.04,1,1404,2024-12-13 00:00:00.000
10659,34542891,Jack O'Briant,94565,,2014-06-27,2014-06-28,7,2492.97,2.34,2.08,131.02,14.52,33,0.26,0.06,1,7572,2024-12-13 00:00:00.000
10659,34542891,Bobby Trafton,94565,,2014-11-21,2014-11-22,7,1121.84,2.34,2.08,-173.66,12.14,15,0.26,0,1,7897,2024-12-13 00:00:00.000
10659,34542891,Valerie Dominguez,94565,,2015-02-08,2015-02-09,7,3601.07,2.34,2.08,174.8,14.52,50,0.26,0.04,1,6197,2024-12-13 00:00:00.000
10659,34542891,Sam Craven,94565,,2015-05-05,2015-05-05,7,294.89,2.34,2.08,-321.84,12.14,4,0.26,0.09,1,290,2024-12-13 00:00:00.000
10659,34542891,Stephanie Ulpright,94565,,2015-09-30,2015-10-01,7,3333.1,2.34,2.08,-85.03,4,50,0.26,0.1,1,3830,2024-12-13 00:00:00.000
10659,34542891,John Murray,94565,,2015-10-14,2015-10-16,7,3413.69,2.34,2.08,175.24,14.52,47,0.26,0.06,1,4521,2024-12-13 00:00:00.000
10659,34542891,Deanra Eno,94565,,2015-11-09,2015-11-10,7,1560.96,2.34,2.08,-120.27,4,21,0.26,0.07,1,3039,2024-12-13 00:00:00.000
11226,10291466,George Ashbrook,89108,,2012-01-07,2012-01-10,7,158.04,3.36,2.97,-263.09,14.52,2,0.39,0.03,1,2539,2024-12-13 00:00:00.000
11226,10291466,Victoria Brennan,89108,,2012-01-23,2012-01-25,7,1383.2,3.36,2.97,-23.44,12.14,18,0.39,0.01,1,3485,2024-12-13 00:00:00.000
11226,10291466,Dennis Kane,89108,,2012-03-12,2012-03-13,7,1388.91,3.36,2.97,-229.87,4,20,0.39,0.1,1,4662,2024-12-13 00:00:00.000
11226,10291466,Lindsay Castell,89108,,2012-03-12,2012-03-14,7,1146.41,3.36,2.97,-88.61,14.52,15,0.39,0,1,1733,2024-12-13 00:00:00.000
11226,10291466,Sonia Sunley,89108,,2012-05-15,2012-05-18,7,3197.45,3.36,2.97,97.16,4,46,0.39,0.08,1,1381,2024-12-13 00:00:00.000
11226,10291466,Arthur Wiediger,89108,,2012-05-18,2012-05-20,7,3596.36,3.36,2.97,326.25,12.14,47,0.39,0,1,2858,2024-12-13 00:00:00.000
11226,10291466,Vivian Mathis,89108,,2012-06-29,2012-06-30,7,1651.09,3.36,2.97,-2.38,12.14,22,0.39,0.05,1,320,2024-12-13 00:00:00.000
11226,10291466,Patrick Gardner,89108,,2012-08-22,2012-08-23,7,3277.39,3.36,2.97,286.01,4,43,0.39,0.02,1,5897,2024-12-13 00:00:00.000
11226,10291466,Eva Jacobs,89108,,2012-11-07,2012-11-10,7,453.87,3.36,2.97,-217.69,14.52,6,0.39,0.02,1,3771,2024-12-13 00:00:00.000
11226,10291466,Matt Collister,89108,,2012-12-07,2012-12-10,7,3421.88,3.36,2.97,443.52,4,44,0.39,0,1,7643,2024-12-13 00:00:00.000
11226,10291466,Sonia Sunley,89108,,2013-04-15,2013-04-20,7,365.93,3.36,2.97,-243.02,14.52,5,0.39,0.05,1,3154,2024-12-13 00:00:00.000
11226,10291466,Matt Connell,89108,,2013-09-25,2013-09-27,7,2911.64,3.36,2.97,225.28,14.52,37,0.39,0.02,1,2376,2024-12-13 00:00:00.000
11226,10291466,Evan Henry,89108,,2013-11-25,2013-12-02,7,900.06,3.36,2.97,-221.12,14.52,12,0.39,0.05,1,722,2024-12-13 00:00:00.000
11226,10291466,Phillip Breyer,89108,,2013-12-09,2013-12-10,7,1143.88,3.36,2.97,-88.7,4,15,0.39,0.04,1,959,2024-12-13 00:00:00.000
11226,10291466,Patrick Jones,89108,,2014-03-18,2014-03-20,7,1557.42,3.36,2.97,-123.81,4,21,0.39,0.01,1,526,2024-12-13 00:00:00.000
11226,10291466,Liz Carlisle,89108,,2014-06-23,2014-06-24,7,767.34,3.36,2.97,-154.65,14.52,10,0.39,0.04,1,1404,2024-12-13 00:00:00.000
11226,10291466,Jack O'Briant,89108,,2014-06-27,2014-06-28,7,2492.97,3.36,2.97,131.02,14.52,33,0.39,0.06,1,7572,2024-12-13 00:00:00.000
11226,10291466,Bobby Trafton,89108,,2014-11-21,2014-11-22,7,1121.84,3.36,2.97,-173.66,12.14,15,0.39,0,1,7897,2024-12-13 00:00:00.000
11226,10291466,Valerie Dominguez,89108,,2015-02-08,2015-02-09,7,3601.07,3.36,2.97,174.8,14.52,50,0.39,0.04,1,6197,2024-12-13 00:00:00.000
11226,10291466,Sam Craven,89108,,2015-05-05,2015-05-05,7,294.89,3.36,2.97,-321.84,12.14,4,0.39,0.09,1,290,2024-12-13 00:00:00.000
11226,10291466,Stephanie Ulpright,89108,,2015-09-30,2015-10-01,7,3333.1,3.36,2.97,-85.03,4,50,0.39,0.1,1,3830,2024-12-13 00:00:00.000
11226,10291466,John Murray,89108,,2015-10-14,2015-10-16,7,3413.69,3.36,2.97,175.24,14.52,47,0.39,0.06,1,4521,2024-12-13 00:00:00.000
11226,10291466,Deanra Eno,89108,,2015-11-09,2015-11-10,7,1560.96,3.36,2.97,-120.27,4,21,0.39,0.07,1,3039,2024-12-13 00:00:00.000
11336,12166387,Giulietta Dortch,89108,,2012-01-10,2012-01-11,9,1177.5,3.36,2.97,420.05,1.99,34,0.39,0.02,1,4073,2024-12-13 00:00:00.000
11336,12166387,Raymond Fair,89108,,2012-04-13,2012-04-15,9,951.06,3.36,2.97,331.27,1.99,28,0.39,0.02,1,6278,2024-12-13 00:00:00.000
11336,12166387,Debra Catini,89108,,2012-09-14,2012-09-15,9,936.95,3.36,2.97,-0.74,19.99,26,0.39,0.03,1,1002,2024-12-13 00:00:00.000
11336,12166387,Nathan Mautz,89108,,2013-01-20,2013-01-22,9,864.16,3.36,2.97,-175.47,19.99,26,0.39,0.09,1,4871,2024-12-13 00:00:00.000
11336,12166387,Christina Vanderzanden,89108,,2013-02-20,2013-02-22,9,1370.49,3.36,2.97,-244.63,19.99,40,0.39,0.08,1,8065,2024-12-13 00:00:00.000
11336,12166387,Nat Gilpin,89108,,2013-04-15,2013-04-17,9,1031.23,3.36,2.97,-138.54,19.99,32,0.39,0.07,1,5247,2024-12-13 00:00:00.000
11336,12166387,Fred McMath,89108,,2013-07-16,2013-07-18,9,1631.04,3.36,2.97,665.63,1.99,48,0.39,0,1,2651,2024-12-13 00:00:00.000
11336,12166387,Eleni McCrary,89108,,2013-08-28,2013-09-02,9,677.9,3.36,2.97,196.36,1.99,20,0.39,0.05,1,4388,2024-12-13 00:00:00.000
11336,12166387,Barry Franz,89108,,2013-11-29,2013-11-29,9,461.55,3.36,2.97,-12,19.99,14,0.39,0.09,1,1402,2024-12-13 00:00:00.000
11336,12166387,Kean Thornton,89108,,2014-05-21,2014-05-21,9,748.83,3.36,2.97,250.01,1.99,21,0.39,0.01,1,916,2024-12-13 00:00:00.000
11336,12166387,Doug Bickford,89108,,2014-05-27,2014-05-29,9,854.88,3.36,2.97,-44.14,19.99,25,0.39,0.09,1,1462,2024-12-13 00:00:00.000
11336,12166387,Kean Thornton,89108,,2015-01-27,2015-01-28,9,463.83,3.36,2.97,103.26,1.99,13,0.39,0,1,691,2024-12-13 00:00:00.000
11336,12166387,Julia West,89108,,2015-06-11,2015-06-13,9,899.97,3.36,2.97,-246.3,19.99,27,0.39,0.09,1,6330,2024-12-13 00:00:00.000
11336,12166387,Mitch Willingham,89108,,2015-07-13,2015-07-14,9,1233.76,3.36,2.97,-168.08,19.99,38,0.39,0.06,1,7475,2024-12-13 00:00:00.000
11336,12166387,Toby Swindell,89108,,2012-12-28,2012-12-30,10,575.74,3.36,2.97,152.6,1.99,27,0.39,0.06,1,6343,2024-12-13 00:00:00.000
11336,12166387,Linda Southworth,89108,,2013-01-03,2013-01-05,10,277.42,3.36,2.97,49.82,1.99,12,0.39,0.01,1,1235,2024-12-13 00:00:00.000
11336,12166387,Mike Gockenbach,89108,,2013-09-18,2013-09-22,10,801.44,3.36,2.97,308.12,1.99,35,0.39,0.01,1,2907,2024-12-13 00:00:00.000
11336,12166387,Paul Stevenson,89108,,2014-05-10,2014-05-12,10,179.66,3.36,2.97,-1.73,1.99,8,0.39,0.01,1,4304,2024-12-13 00:00:00.000
11336,12166387,Christine Sundaresam,89108,,2014-06-05,2014-06-06,10,333.3,3.36,2.97,71.04,1.99,15,0.39,0.03,1,2786,2024-12-13 00:00:00.000
11336,12166387,Benjamin Patterson,89108,,2014-11-18,2014-11-20,10,416.39,3.36,2.97,119.47,1.99,18,0.39,0.06,1,5135,2024-12-13 00:00:00.000
11336,12166387,Alyssa Crouse,89108,,2015-05-08,2015-05-08,10,372.09,3.36,2.97,98.28,1.99,16,0.39,0.04,1,2979,2024-12-13 00:00:00.000
11336,12166387,Roy Phan,89108,,2015-09-22,2015-09-24,10,795.52,3.36,2.97,290.64,1.99,36,0.39,0.08,1,4338,2024-12-13 00:00:00.000
11336,12166387,Alan Hwang,89108,,2015-11-11,2015-11-14,10,378.08,3.36,2.97,70.48,1.99,17,0.39,0,1,4423,2024-12-13 00:00:00.000
11336,12166387,Dave Hallsten,89108,,2015-12-02,2015-12-02,10,1100.21,3.36,2.97,433.59,1.99,50,0.39,0.03,1,1793,2024-12-13 00:00:00.000
11344,12166388,Mitch Webber,89108,,2012-05-25,2012-05-27,2,889.84,3.36,2.97,204.49,8.23,34,0.39,0.1,1,5558,2024-12-13 00:00:00.000
11344,12166388,Kelly Williams,89108,,2015-07-16,2015-07-17,2,1406.64,3.36,2.97,424.36,8.23,50,0.39,0.02,1,1356,2024-12-13 00:00:00.000
11344,12166388,Naresj Patel,89108,,2015-09-04,2015-09-09,2,1112.54,3.36,2.97,352.96,8.23,38,0.39,0.01,1,5580,2024-12-13 00:00:00.000
11578,10447903,Sonia Sunley,89108,,2012-02-04,2012-02-05,4,671.03,3.36,2.97,67.864,6.46,47,0.39,0.07,1,2049,2024-12-13 00:00:00.000
11578,10447903,Roland Fjeld,89108,,2013-05-24,2013-05-26,4,82.72,3.36,2.97,-29.71,1.99,6,0.39,0.08,1,364,2024-12-13 00:00:00.000
11578,10447903,Andrew Allen,89108,,2013-07-14,2013-07-17,4,278.68,3.36,2.97,8.8995,6.46,20,0.39,0.06,1,351,2024-12-13 00:00:00.000
11578,10447903,Anthony Johnson,89108,,2013-08-04,2013-08-04,4,17.19,3.36,2.97,-35.34,1.99,1,0.39,0,1,3371,2024-12-13 00:00:00.000
11578,10447903,Fred Harton,89108,,2013-08-06,2013-08-09,4,349.65,3.36,2.97,28.5515,6.46,24,0.39,0.1,1,2581,2024-12-13 00:00:00.000
11578,10447903,Giulietta Dortch,89108,,2014-02-20,2014-02-22,4,538.14,3.36,2.97,111.42,1.99,39,0.39,0.06,1,2970,2024-12-13 00:00:00.000
11578,10447903,Karen Carlisle,89108,,2014-07-10,2014-07-14,4,344.25,3.36,2.97,23.9615,6.46,24,0.39,0.1,1,7668,2024-12-13 00:00:00.000
11578,10447903,Steve Nguyen,89108,,2014-09-30,2014-10-02,4,682.77,3.36,2.97,165.2,1.99,49,0.39,0.05,1,1910,2024-12-13 00:00:00.000
11578,10447903,Stewart Visinsky,89108,,2014-10-04,2014-10-06,4,31.7,3.36,2.97,-44.39,1.99,2,0.39,0.05,1,7686,2024-12-13 00:00:00.000
11578,10447903,Brian DeCherney,89108,,2014-11-02,2014-11-04,4,293.27,3.36,2.97,44.56,1.99,21,0.39,0.07,1,4806,2024-12-13 00:00:00.000
11578,10447903,Peter Fuller,89108,,2014-12-02,2014-12-03,4,472.35,3.36,2.97,61.676,6.46,31,0.39,0.03,1,5288,2024-12-13 00:00:00.000
11578,10447903,Michelle Huthwaite,89108,,2015-06-18,2015-06-20,4,192.44,3.36,2.97,6.7745,6.46,13,0.39,0.05,1,6141,2024-12-13 00:00:00.000
11578,10447903,Muhammed Yedwab,89108,,2015-08-28,2015-08-28,4,262.32,3.36,2.97,5.1595,6.46,19,0.39,0.07,1,1000,2024-12-13 00:00:00.000
11578,10447903,Pauline Webber,89108,,2015-09-25,2015-09-27,4,362.76,3.36,2.97,19.363,6.46,26,0.39,0.09,1,3029,2024-12-13 00:00:00.000
11711,10447902,Giulietta Dortch,89108,,2012-01-10,2012-01-11,9,1177.5,3.36,2.97,420.05,1.99,34,0.39,0.02,1,4073,2024-12-13 00:00:00.000
11711,10447902,Raymond Fair,89108,,2012-04-13,2012-04-15,9,951.06,3.36,2.97,331.27,1.99,28,0.39,0.02,1,6278,2024-12-13 00:00:00.000
11711,10447902,Debra Catini,89108,,2012-09-14,2012-09-15,9,936.95,3.36,2.97,-0.74,19.99,26,0.39,0.03,1,1002,2024-12-13 00:00:00.000
11711,10447902,Nathan Mautz,89108,,2013-01-20,2013-01-22,9,864.16,3.36,2.97,-175.47,19.99,26,0.39,0.09,1,4871,2024-12-13 00:00:00.000
11711,10447902,Christina Vanderzanden,89108,,2013-02-20,2013-02-22,9,1370.49,3.36,2.97,-244.63,19.99,40,0.39,0.08,1,8065,2024-12-13 00:00:00.000
11711,10447902,Nat Gilpin,89108,,2013-04-15,2013-04-17,9,1031.23,3.36,2.97,-138.54,19.99,32,0.39,0.07,1,5247,2024-12-13 00:00:00.000
11711,10447902,Fred McMath,89108,,2013-07-16,2013-07-18,9,1631.04,3.36,2.97,665.63,1.99,48,0.39,0,1,2651,2024-12-13 00:00:00.000
11711,10447902,Eleni McCrary,89108,,2013-08-28,2013-09-02,9,677.9,3.36,2.97,196.36,1.99,20,0.39,0.05,1,4388,2024-12-13 00:00:00.000
11711,10447902,Barry Franz,89108,,2013-11-29,2013-11-29,9,461.55,3.36,2.97,-12,19.99,14,0.39,0.09,1,1402,2024-12-13 00:00:00.000
11711,10447902,Kean Thornton,89108,,2014-05-21,2014-05-21,9,748.83,3.36,2.97,250.01,1.99,21,0.39,0.01,1,916,2024-12-13 00:00:00.000
11711,10447902,Doug Bickford,89108,,2014-05-27,2014-05-29,9,854.88,3.36,2.97,-44.14,19.99,25,0.39,0.09,1,1462,2024-12-13 00:00:00.000
11711,10447902,Kean Thornton,89108,,2015-01-27,2015-01-28,9,463.83,3.36,2.97,103.26,1.99,13,0.39,0,1,691,2024-12-13 00:00:00.000
11711,10447902,Julia West,89108,,2015-06-11,2015-06-13,9,899.97,3.36,2.97,-246.3,19.99,27,0.39,0.09,1,6330,2024-12-13 00:00:00.000
11711,10447902,Mitch Willingham,89108,,2015-07-13,2015-07-14,9,1233.76,3.36,2.97,-168.08,19.99,38,0.39,0.06,1,7475,2024-12-13 00:00:00.000
11711,10447902,Toby Swindell,89108,,2012-12-28,2012-12-30,10,575.74,3.36,2.97,152.6,1.99,27,0.39,0.06,1,6343,2024-12-13 00:00:00.000
11711,10447902,Linda Southworth,89108,,2013-01-03,2013-01-05,10,277.42,3.36,2.97,49.82,1.99,12,0.39,0.01,1,1235,2024-12-13 00:00:00.000
11711,10447902,Mike Gockenbach,89108,,2013-09-18,2013-09-22,10,801.44,3.36,2.97,308.12,1.99,35,0.39,0.01,1,2907,2024-12-13 00:00:00.000
11711,10447902,Paul Stevenson,89108,,2014-05-10,2014-05-12,10,179.66,3.36,2.97,-1.73,1.99,8,0.39,0.01,1,4304,2024-12-13 00:00:00.000
11711,10447902,Christine Sundaresam,89108,,2014-06-05,2014-06-06,10,333.3,3.36,2.97,71.04,1.99,15,0.39,0.03,1,2786,2024-12-13 00:00:00.000
11711,10447902,Benjamin Patterson,89108,,2014-11-18,2014-11-20,10,416.39,3.36,2.97,119.47,1.99,18,0.39,0.06,1,5135,2024-12-13 00:00:00.000
11711,10447902,Alyssa Crouse,89108,,2015-05-08,2015-05-08,10,372.09,3.36,2.97,98.28,1.99,16,0.39,0.04,1,2979,2024-12-13 00:00:00.000
11711,10447902,Roy Phan,89108,,2015-09-22,2015-09-24,10,795.52,3.36,2.97,290.64,1.99,36,0.39,0.08,1,4338,2024-12-13 00:00:00.000
11711,10447902,Alan Hwang,89108,,2015-11-11,2015-11-14,10,378.08,3.36,2.97,70.48,1.99,17,0.39,0,1,4423,2024-12-13 00:00:00.000
11711,10447902,Dave Hallsten,89108,,2015-12-02,2015-12-02,10,1100.21,3.36,2.97,433.59,1.99,50,0.39,0.03,1,1793,2024-12-13 00:00:00.000
12228,12166385,Mitch Webber,89108,,2012-05-25,2012-05-27,2,889.84,3.36,2.97,204.49,8.23,34,0.39,0.1,1,5558,2024-12-13 00:00:00.000
12228,12166385,Kelly Williams,89108,,2015-07-16,2015-07-17,2,1406.64,3.36,2.97,424.36,8.23,50,0.39,0.02,1,1356,2024-12-13 00:00:00.000
12228,12166385,Naresj Patel,89108,,2015-09-04,2015-09-09,2,1112.54,3.36,2.97,352.96,8.23,38,0.39,0.01,1,5580,2024-12-13 00:00:00.000
12255,141988249,George Ashbrook,89108,,2012-01-07,2012-01-10,7,158.04,2.98,2.97,-263.09,14.52,2,0.01,0.03,1,2539,2024-12-13 00:00:00.000
12255,141988249,Victoria Brennan,89108,,2012-01-23,2012-01-25,7,1383.2,2.98,2.97,-23.44,12.14,18,0.01,0.01,1,3485,2024-12-13 00:00:00.000
12255,141988249,Dennis Kane,89108,,2012-03-12,2012-03-13,7,1388.91,2.98,2.97,-229.87,4,20,0.01,0.1,1,4662,2024-12-13 00:00:00.000
12255,141988249,Lindsay Castell,89108,,2012-03-12,2012-03-14,7,1146.41,2.98,2.97,-88.61,14.52,15,0.01,0,1,1733,2024-12-13 00:00:00.000
12255,141988249,Sonia Sunley,89108,,2012-05-15,2012-05-18,7,3197.45,2.98,2.97,97.16,4,46,0.01,0.08,1,1381,2024-12-13 00:00:00.000
12255,141988249,Arthur Wiediger,89108,,2012-05-18,2012-05-20,7,3596.36,2.98,2.97,326.25,12.14,47,0.01,0,1,2858,2024-12-13 00:00:00.000
12255,141988249,Vivian Mathis,89108,,2012-06-29,2012-06-30,7,1651.09,2.98,2.97,-2.38,12.14,22,0.01,0.05,1,320,2024-12-13 00:00:00.000
12255,141988249,Patrick Gardner,89108,,2012-08-22,2012-08-23,7,3277.39,2.98,2.97,286.01,4,43,0.01,0.02,1,5897,2024-12-13 00:00:00.000
12255,141988249,Eva Jacobs,89108,,2012-11-07,2012-11-10,7,453.87,2.98,2.97,-217.69,14.52,6,0.01,0.02,1,3771,2024-12-13 00:00:00.000
12255,141988249,Matt Collister,89108,,2012-12-07,2012-12-10,7,3421.88,2.98,2.97,443.52,4,44,0.01,0,1,7643,2024-12-13 00:00:00.000
12255,141988249,Sonia Sunley,89108,,2013-04-15,2013-04-20,7,365.93,2.98,2.97,-243.02,14.52,5,0.01,0.05,1,3154,2024-12-13 00:00:00.000
12255,141988249,Matt Connell,89108,,2013-09-25,2013-09-27,7,2911.64,2.98,2.97,225.28,14.52,37,0.01,0.02,1,2376,2024-12-13 00:00:00.000
12255,141988249,Evan Henry,89108,,2013-11-25,2013-12-02,7,900.06,2.98,2.97,-221.12,14.52,12,0.01,0.05,1,722,2024-12-13 00:00:00.000
12255,141988249,Phillip Breyer,89108,,2013-12-09,2013-12-10,7,1143.88,2.98,2.97,-88.7,4,15,0.01,0.04,1,959,2024-12-13 00:00:00.000
12255,141988249,Patrick Jones,89108,,2014-03-18,2014-03-20,7,1557.42,2.98,2.97,-123.81,4,21,0.01,0.01,1,526,2024-12-13 00:00:00.000
12255,141988249,Liz Carlisle,89108,,2014-06-23,2014-06-24,7,767.34,2.98,2.97,-154.65,14.52,10,0.01,0.04,1,1404,2024-12-13 00:00:00.000
12255,141988249,Jack O'Briant,89108,,2014-06-27,2014-06-28,7,2492.97,2.98,2.97,131.02,14.52,33,0.01,0.06,1,7572,2024-12-13 00:00:00.000
12255,141988249,Bobby Trafton,89108,,2014-11-21,2014-11-22,7,1121.84,2.98,2.97,-173.66,12.14,15,0.01,0,1,7897,2024-12-13 00:00:00.000
12255,141988249,Valerie Dominguez,89108,,2015-02-08,2015-02-09,7,3601.07,2.98,2.97,174.8,14.52,50,0.01,0.04,1,6197,2024-12-13 00:00:00.000
12255,141988249,Sam Craven,89108,,2015-05-05,2015-05-05,7,294.89,2.98,2.97,-321.84,12.14,4,0.01,0.09,1,290,2024-12-13 00:00:00.000
12255,141988249,Stephanie Ulpright,89108,,2015-09-30,2015-10-01,7,3333.1,2.98,2.97,-85.03,4,50,0.01,0.1,1,3830,2024-12-13 00:00:00.000
12255,141988249,John Murray,89108,,2015-10-14,2015-10-16,7,3413.69,2.98,2.97,175.24,14.52,47,0.01,0.06,1,4521,2024-12-13 00:00:00.000
12255,141988249,Deanra Eno,89108,,2015-11-09,2015-11-10,7,1560.96,2.98,2.97,-120.27,4,21,0.01,0.07,1,3039,2024-12-13 00:00:00.000
12256,12166390,George Ashbrook,89108,,2012-01-07,2012-01-10,7,158.04,3.36,2.97,-263.09,14.52,2,0.39,0.03,1,2539,2024-12-13 00:00:00.000
12256,12166390,Victoria Brennan,89108,,2012-01-23,2012-01-25,7,1383.2,3.36,2.97,-23.44,12.14,18,0.39,0.01,1,3485,2024-12-13 00:00:00.000
12256,12166390,Dennis Kane,89108,,2012-03-12,2012-03-13,7,1388.91,3.36,2.97,-229.87,4,20,0.39,0.1,1,4662,2024-12-13 00:00:00.000
12256,12166390,Lindsay Castell,89108,,2012-03-12,2012-03-14,7,1146.41,3.36,2.97,-88.61,14.52,15,0.39,0,1,1733,2024-12-13 00:00:00.000
12256,12166390,Sonia Sunley,89108,,2012-05-15,2012-05-18,7,3197.45,3.36,2.97,97.16,4,46,0.39,0.08,1,1381,2024-12-13 00:00:00.000
12256,12166390,Arthur Wiediger,89108,,2012-05-18,2012-05-20,7,3596.36,3.36,2.97,326.25,12.14,47,0.39,0,1,2858,2024-12-13 00:00:00.000
12256,12166390,Vivian Mathis,89108,,2012-06-29,2012-06-30,7,1651.09,3.36,2.97,-2.38,12.14,22,0.39,0.05,1,320,2024-12-13 00:00:00.000
12256,12166390,Patrick Gardner,89108,,2012-08-22,2012-08-23,7,3277.39,3.36,2.97,286.01,4,43,0.39,0.02,1,5897,2024-12-13 00:00:00.000
12256,12166390,Eva Jacobs,89108,,2012-11-07,2012-11-10,7,453.87,3.36,2.97,-217.69,14.52,6,0.39,0.02,1,3771,2024-12-13 00:00:00.000
12256,12166390,Matt Collister,89108,,2012-12-07,2012-12-10,7,3421.88,3.36,2.97,443.52,4,44,0.39,0,1,7643,2024-12-13 00:00:00.000
12256,12166390,Sonia Sunley,89108,,2013-04-15,2013-04-20,7,365.93,3.36,2.97,-243.02,14.52,5,0.39,0.05,1,3154,2024-12-13 00:00:00.000
12256,12166390,Matt Connell,89108,,2013-09-25,2013-09-27,7,2911.64,3.36,2.97,225.28,14.52,37,0.39,0.02,1,2376,2024-12-13 00:00:00.000
12256,12166390,Evan Henry,89108,,2013-11-25,2013-12-02,7,900.06,3.36,2.97,-221.12,14.52,12,0.39,0.05,1,722,2024-12-13 00:00:00.000
12256,12166390,Phillip Breyer,89108,,2013-12-09,2013-12-10,7,1143.88,3.36,2.97,-88.7,4,15,0.39,0.04,1,959,2024-12-13 00:00:00.000
12256,12166390,Patrick Jones,89108,,2014-03-18,2014-03-20,7,1557.42,3.36,2.97,-123.81,4,21,0.39,0.01,1,526,2024-12-13 00:00:00.000
12256,12166390,Liz Carlisle,89108,,2014-06-23,2014-06-24,7,767.34,3.36,2.97,-154.65,14.52,10,0.39,0.04,1,1404,2024-12-13 00:00:00.000
12256,12166390,Jack O'Briant,89108,,2014-06-27,2014-06-28,7,2492.97,3.36,2.97,131.02,14.52,33,0.39,0.06,1,7572,2024-12-13 00:00:00.000
12256,12166390,Bobby Trafton,89108,,2014-11-21,2014-11-22,7,1121.84,3.36,2.97,-173.66,12.14,15,0.39,0,1,7897,2024-12-13 00:00:00.000
12256,12166390,Valerie Dominguez,89108,,2015-02-08,2015-02-09,7,3601.07,3.36,2.97,174.8,14.52,50,0.39,0.04,1,6197,2024-12-13 00:00:00.000
12256,12166390,Sam Craven,89108,,2015-05-05,2015-05-05,7,294.89,3.36,2.97,-321.84,12.14,4,0.39,0.09,1,290,2024-12-13 00:00:00.000
12256,12166390,Stephanie Ulpright,89108,,2015-09-30,2015-10-01,7,3333.1,3.36,2.97,-85.03,4,50,0.39,0.1,1,3830,2024-12-13 00:00:00.000
12256,12166390,John Murray,89108,,2015-10-14,2015-10-16,7,3413.69,3.36,2.97,175.24,14.52,47,0.39,0.06,1,4521,2024-12-13 00:00:00.000
12256,12166390,Deanra Eno,89108,,2015-11-09,2015-11-10,7,1560.96,3.36,2.97,-120.27,4,21,0.39,0.07,1,3039,2024-12-13 00:00:00.000
13358,34542891,George Ashbrook,48180,,2012-01-07,2012-01-10,7,158.04,2.34,2.08,-263.09,14.52,2,0.26,0.03,1,2539,2024-12-13 00:00:00.000
13358,34542891,Victoria Brennan,48180,,2012-01-23,2012-01-25,7,1383.2,2.34,2.08,-23.44,12.14,18,0.26,0.01,1,3485,2024-12-13 00:00:00.000
13358,34542891,Dennis Kane,48180,,2012-03-12,2012-03-13,7,1388.91,2.34,2.08,-229.87,4,20,0.26,0.1,1,4662,2024-12-13 00:00:00.000
13358,34542891,Lindsay Castell,48180,,2012-03-12,2012-03-14,7,1146.41,2.34,2.08,-88.61,14.52,15,0.26,0,1,1733,2024-12-13 00:00:00.000
13358,34542891,Sonia Sunley,48180,,2012-05-15,2012-05-18,7,3197.45,2.34,2.08,97.16,4,46,0.26,0.08,1,1381,2024-12-13 00:00:00.000
13358,34542891,Arthur Wiediger,48180,,2012-05-18,2012-05-20,7,3596.36,2.34,2.08,326.25,12.14,47,0.26,0,1,2858,2024-12-13 00:00:00.000
13358,34542891,Vivian Mathis,48180,,2012-06-29,2012-06-30,7,1651.09,2.34,2.08,-2.38,12.14,22,0.26,0.05,1,320,2024-12-13 00:00:00.000
13358,34542891,Patrick Gardner,48180,,2012-08-22,2012-08-23,7,3277.39,2.34,2.08,286.01,4,43,0.26,0.02,1,5897,2024-12-13 00:00:00.000
13358,34542891,Eva Jacobs,48180,,2012-11-07,2012-11-10,7,453.87,2.34,2.08,-217.69,14.52,6,0.26,0.02,1,3771,2024-12-13 00:00:00.000
13358,34542891,Matt Collister,48180,,2012-12-07,2012-12-10,7,3421.88,2.34,2.08,443.52,4,44,0.26,0,1,7643,2024-12-13 00:00:00.000
13358,34542891,Sonia Sunley,48180,,2013-04-15,2013-04-20,7,365.93,2.34,2.08,-243.02,14.52,5,0.26,0.05,1,3154,2024-12-13 00:00:00.000
13358,34542891,Matt Connell,48180,,2013-09-25,2013-09-27,7,2911.64,2.34,2.08,225.28,14.52,37,0.26,0.02,1,2376,2024-12-13 00:00:00.000
13358,34542891,Evan Henry,48180,,2013-11-25,2013-12-02,7,900.06,2.34,2.08,-221.12,14.52,12,0.26,0.05,1,722,2024-12-13 00:00:00.000
13358,34542891,Phillip Breyer,48180,,2013-12-09,2013-12-10,7,1143.88,2.34,2.08,-88.7,4,15,0.26,0.04,1,959,2024-12-13 00:00:00.000
13358,34542891,Patrick Jones,48180,,2014-03-18,2014-03-20,7,1557.42,2.34,2.08,-123.81,4,21,0.26,0.01,1,526,2024-12-13 00:00:00.000
13358,34542891,Liz Carlisle,48180,,2014-06-23,2014-06-24,7,767.34,2.34,2.08,-154.65,14.52,10,0.26,0.04,1,1404,2024-12-13 00:00:00.000
13358,34542891,Jack O'Briant,48180,,2014-06-27,2014-06-28,7,2492.97,2.34,2.08,131.02,14.52,33,0.26,0.06,1,7572,2024-12-13 00:00:00.000
13358,34542891,Bobby Trafton,48180,,2014-11-21,2014-11-22,7,1121.84,2.34,2.08,-173.66,12.14,15,0.26,0,1,7897,2024-12-13 00:00:00.000
13358,34542891,Valerie Dominguez,48180,,2015-02-08,2015-02-09,7,3601.07,2.34,2.08,174.8,14.52,50,0.26,0.04,1,6197,2024-12-13 00:00:00.000
13358,34542891,Sam Craven,48180,,2015-05-05,2015-05-05,7,294.89,2.34,2.08,-321.84,12.14,4,0.26,0.09,1,290,2024-12-13 00:00:00.000
13358,34542891,Stephanie Ulpright,48180,,2015-09-30,2015-10-01,7,3333.1,2.34,2.08,-85.03,4,50,0.26,0.1,1,3830,2024-12-13 00:00:00.000
13358,34542891,John Murray,48180,,2015-10-14,2015-10-16,7,3413.69,2.34,2.08,175.24,14.52,47,0.26,0.06,1,4521,2024-12-13 00:00:00.000
13358,34542891,Deanra Eno,48180,,2015-11-09,2015-11-10,7,1560.96,2.34,2.08,-120.27,4,21,0.26,0.07,1,3039,2024-12-13 00:00:00.000
13928,10316267,George Ashbrook,89108,,2012-01-07,2012-01-10,7,158.04,21.98,19.78,-263.09,14.52,2,2.2,0.03,1,2539,2024-12-13 00:00:00.000
13928,10316267,Victoria Brennan,89108,,2012-01-23,2012-01-25,7,1383.2,21.98,19.78,-23.44,12.14,18,2.2,0.01,1,3485,2024-12-13 00:00:00.000
13928,10316267,Dennis Kane,89108,,2012-03-12,2012-03-13,7,1388.91,21.98,19.78,-229.87,4,20,2.2,0.1,1,4662,2024-12-13 00:00:00.000
13928,10316267,Lindsay Castell,89108,,2012-03-12,2012-03-14,7,1146.41,21.98,19.78,-88.61,14.52,15,2.2,0,1,1733,2024-12-13 00:00:00.000
13928,10316267,Sonia Sunley,89108,,2012-05-15,2012-05-18,7,3197.45,21.98,19.78,97.16,4,46,2.2,0.08,1,1381,2024-12-13 00:00:00.000
13928,10316267,Arthur Wiediger,89108,,2012-05-18,2012-05-20,7,3596.36,21.98,19.78,326.25,12.14,47,2.2,0,1,2858,2024-12-13 00:00:00.000
13928,10316267,Vivian Mathis,89108,,2012-06-29,2012-06-30,7,1651.09,21.98,19.78,-2.38,12.14,22,2.2,0.05,1,320,2024-12-13 00:00:00.000
13928,10316267,Patrick Gardner,89108,,2012-08-22,2012-08-23,7,3277.39,21.98,19.78,286.01,4,43,2.2,0.02,1,5897,2024-12-13 00:00:00.000
13928,10316267,Eva Jacobs,89108,,2012-11-07,2012-11-10,7,453.87,21.98,19.78,-217.69,14.52,6,2.2,0.02,1,3771,2024-12-13 00:00:00.000
13928,10316267,Matt Collister,89108,,2012-12-07,2012-12-10,7,3421.88,21.98,19.78,443.52,4,44,2.2,0,1,7643,2024-12-13 00:00:00.000
13928,10316267,Sonia Sunley,89108,,2013-04-15,2013-04-20,7,365.93,21.98,19.78,-243.02,14.52,5,2.2,0.05,1,3154,2024-12-13 00:00:00.000
13928,10316267,Matt Connell,89108,,2013-09-25,2013-09-27,7,2911.64,21.98,19.78,225.28,14.52,37,2.2,0.02,1,2376,2024-12-13 00:00:00.000
13928,10316267,Evan Henry,89108,,2013-11-25,2013-12-02,7,900.06,21.98,19.78,-221.12,14.52,12,2.2,0.05,1,722,2024-12-13 00:00:00.000
13928,10316267,Phillip Breyer,89108,,2013-12-09,2013-12-10,7,1143.88,21.98,19.78,-88.7,4,15,2.2,0.04,1,959,2024-12-13 00:00:00.000
13928,10316267,Patrick Jones,89108,,2014-03-18,2014-03-20,7,1557.42,21.98,19.78,-123.81,4,21,2.2,0.01,1,526,2024-12-13 00:00:00.000
13928,10316267,Liz Carlisle,89108,,2014-06-23,2014-06-24,7,767.34,21.98,19.78,-154.65,14.52,10,2.2,0.04,1,1404,2024-12-13 00:00:00.000
13928,10316267,Jack O'Briant,89108,,2014-06-27,2014-06-28,7,2492.97,21.98,19.78,131.02,14.52,33,2.2,0.06,1,7572,2024-12-13 00:00:00.000
13928,10316267,Bobby Trafton,89108,,2014-11-21,2014-11-22,7,1121.84,21.98,19.78,-173.66,12.14,15,2.2,0,1,7897,2024-12-13 00:00:00.000
13928,10316267,Valerie Dominguez,89108,,2015-02-08,2015-02-09,7,3601.07,21.98,19.78,174.8,14.52,50,2.2,0.04,1,6197,2024-12-13 00:00:00.000
13928,10316267,Sam Craven,89108,,2015-05-05,2015-05-05,7,294.89,21.98,19.78,-321.84,12.14,4,2.2,0.09,1,290,2024-12-13 00:00:00.000
13928,10316267,Stephanie Ulpright,89108,,2015-09-30,2015-10-01,7,3333.1,21.98,19.78,-85.03,4,50,2.2,0.1,1,3830,2024-12-13 00:00:00.000
13928,10316267,John Murray,89108,,2015-10-14,2015-10-16,7,3413.69,21.98,19.78,175.24,14.52,47,2.2,0.06,1,4521,2024-12-13 00:00:00.000
13928,10316267,Deanra Eno,89108,,2015-11-09,2015-11-10,7,1560.96,21.98,19.78,-120.27,4,21,2.2,0.07,1,3039,2024-12-13 00:00:00.000
15095,34542891,George Ashbrook,48180,,2012-01-07,2012-01-10,7,158.04,2.34,2.08,-263.09,14.52,2,0.26,0.03,1,2539,2024-12-13 00:00:00.000
15095,34542891,Victoria Brennan,48180,,2012-01-23,2012-01-25,7,1383.2,2.34,2.08,-23.44,12.14,18,0.26,0.01,1,3485,2024-12-13 00:00:00.000
15095,34542891,Dennis Kane,48180,,2012-03-12,2012-03-13,7,1388.91,2.34,2.08,-229.87,4,20,0.26,0.1,1,4662,2024-12-13 00:00:00.000
15095,34542891,Lindsay Castell,48180,,2012-03-12,2012-03-14,7,1146.41,2.34,2.08,-88.61,14.52,15,0.26,0,1,1733,2024-12-13 00:00:00.000
15095,34542891,Sonia Sunley,48180,,2012-05-15,2012-05-18,7,3197.45,2.34,2.08,97.16,4,46,0.26,0.08,1,1381,2024-12-13 00:00:00.000
15095,34542891,Arthur Wiediger,48180,,2012-05-18,2012-05-20,7,3596.36,2.34,2.08,326.25,12.14,47,0.26,0,1,2858,2024-12-13 00:00:00.000
15095,34542891,Vivian Mathis,48180,,2012-06-29,2012-06-30,7,1651.09,2.34,2.08,-2.38,12.14,22,0.26,0.05,1,320,2024-12-13 00:00:00.000
15095,34542891,Patrick Gardner,48180,,2012-08-22,2012-08-23,7,3277.39,2.34,2.08,286.01,4,43,0.26,0.02,1,5897,2024-12-13 00:00:00.000
15095,34542891,Eva Jacobs,48180,,2012-11-07,2012-11-10,7,453.87,2.34,2.08,-217.69,14.52,6,0.26,0.02,1,3771,2024-12-13 00:00:00.000
15095,34542891,Matt Collister,48180,,2012-12-07,2012-12-10,7,3421.88,2.34,2.08,443.52,4,44,0.26,0,1,7643,2024-12-13 00:00:00.000
15095,34542891,Sonia Sunley,48180,,2013-04-15,2013-04-20,7,365.93,2.34,2.08,-243.02,14.52,5,0.26,0.05,1,3154,2024-12-13 00:00:00.000
15095,34542891,Matt Connell,48180,,2013-09-25,2013-09-27,7,2911.64,2.34,2.08,225.28,14.52,37,0.26,0.02,1,2376,2024-12-13 00:00:00.000
15095,34542891,Evan Henry,48180,,2013-11-25,2013-12-02,7,900.06,2.34,2.08,-221.12,14.52,12,0.26,0.05,1,722,2024-12-13 00:00:00.000
15095,34542891,Phillip Breyer,48180,,2013-12-09,2013-12-10,7,1143.88,2.34,2.08,-88.7,4,15,0.26,0.04,1,959,2024-12-13 00:00:00.000
15095,34542891,Patrick Jones,48180,,2014-03-18,2014-03-20,7,1557.42,2.34,2.08,-123.81,4,21,0.26,0.01,1,526,2024-12-13 00:00:00.000
15095,34542891,Liz Carlisle,48180,,2014-06-23,2014-06-24,7,767.34,2.34,2.08,-154.65,14.52,10,0.26,0.04,1,1404,2024-12-13 00:00:00.000
15095,34542891,Jack O'Briant,48180,,2014-06-27,2014-06-28,7,2492.97,2.34,2.08,131.02,14.52,33,0.26,0.06,1,7572,2024-12-13 00:00:00.000
15095,34542891,Bobby Trafton,48180,,2014-11-21,2014-11-22,7,1121.84,2.34,2.08,-173.66,12.14,15,0.26,0,1,7897,2024-12-13 00:00:00.000
15095,34542891,Valerie Dominguez,48180,,2015-02-08,2015-02-09,7,3601.07,2.34,2.08,174.8,14.52,50,0.26,0.04,1,6197,2024-12-13 00:00:00.000
15095,34542891,Sam Craven,48180,,2015-05-05,2015-05-05,7,294.89,2.34,2.08,-321.84,12.14,4,0.26,0.09,1,290,2024-12-13 00:00:00.000
15095,34542891,Stephanie Ulpright,48180,,2015-09-30,2015-10-01,7,3333.1,2.34,2.08,-85.03,4,50,0.26,0.1,1,3830,2024-12-13 00:00:00.000
15095,34542891,John Murray,48180,,2015-10-14,2015-10-16,7,3413.69,2.34,2.08,175.24,14.52,47,0.26,0.06,1,4521,2024-12-13 00:00:00.000
15095,34542891,Deanra Eno,48180,,2015-11-09,2015-11-10,7,1560.96,2.34,2.08,-120.27,4,21,0.26,0.07,1,3039,2024-12-13 00:00:00.000
19601,34542891,George Ashbrook,94565,,2012-01-07,2012-01-10,7,158.04,2.34,2.08,-263.09,14.52,2,0.26,0.03,1,2539,2024-12-13 00:00:00.000
19601,34542891,Victoria Brennan,94565,,2012-01-23,2012-01-25,7,1383.2,2.34,2.08,-23.44,12.14,18,0.26,0.01,1,3485,2024-12-13 00:00:00.000
19601,34542891,Dennis Kane,94565,,2012-03-12,2012-03-13,7,1388.91,2.34,2.08,-229.87,4,20,0.26,0.1,1,4662,2024-12-13 00:00:00.000
19601,34542891,Lindsay Castell,94565,,2012-03-12,2012-03-14,7,1146.41,2.34,2.08,-88.61,14.52,15,0.26,0,1,1733,2024-12-13 00:00:00.000
19601,34542891,Sonia Sunley,94565,,2012-05-15,2012-05-18,7,3197.45,2.34,2.08,97.16,4,46,0.26,0.08,1,1381,2024-12-13 00:00:00.000
19601,34542891,Arthur Wiediger,94565,,2012-05-18,2012-05-20,7,3596.36,2.34,2.08,326.25,12.14,47,0.26,0,1,2858,2024-12-13 00:00:00.000
19601,34542891,Vivian Mathis,94565,,2012-06-29,2012-06-30,7,1651.09,2.34,2.08,-2.38,12.14,22,0.26,0.05,1,320,2024-12-13 00:00:00.000
19601,34542891,Patrick Gardner,94565,,2012-08-22,2012-08-23,7,3277.39,2.34,2.08,286.01,4,43,0.26,0.02,1,5897,2024-12-13 00:00:00.000
19601,34542891,Eva Jacobs,94565,,2012-11-07,2012-11-10,7,453.87,2.34,2.08,-217.69,14.52,6,0.26,0.02,1,3771,2024-12-13 00:00:00.000
19601,34542891,Matt Collister,94565,,2012-12-07,2012-12-10,7,3421.88,2.34,2.08,443.52,4,44,0.26,0,1,7643,2024-12-13 00:00:00.000
19601,34542891,Sonia Sunley,94565,,2013-04-15,2013-04-20,7,365.93,2.34,2.08,-243.02,14.52,5,0.26,0.05,1,3154,2024-12-13 00:00:00.000
19601,34542891,Matt Connell,94565,,2013-09-25,2013-09-27,7,2911.64,2.34,2.08,225.28,14.52,37,0.26,0.02,1,2376,2024-12-13 00:00:00.000
19601,34542891,Evan Henry,94565,,2013-11-25,2013-12-02,7,900.06,2.34,2.08,-221.12,14.52,12,0.26,0.05,1,722,2024-12-13 00:00:00.000
19601,34542891,Phillip Breyer,94565,,2013-12-09,2013-12-10,7,1143.88,2.34,2.08,-88.7,4,15,0.26,0.04,1,959,2024-12-13 00:00:00.000
19601,34542891,Patrick Jones,94565,,2014-03-18,2014-03-20,7,1557.42,2.34,2.08,-123.81,4,21,0.26,0.01,1,526,2024-12-13 00:00:00.000
19601,34542891,Liz Carlisle,94565,,2014-06-23,2014-06-24,7,767.34,2.34,2.08,-154.65,14.52,10,0.26,0.04,1,1404,2024-12-13 00:00:00.000
19601,34542891,Jack O'Briant,94565,,2014-06-27,2014-06-28,7,2492.97,2.34,2.08,131.02,14.52,33,0.26,0.06,1,7572,2024-12-13 00:00:00.000
19601,34542891,Bobby Trafton,94565,,2014-11-21,2014-11-22,7,1121.84,2.34,2.08,-173.66,12.14,15,0.26,0,1,7897,2024-12-13 00:00:00.000
19601,34542891,Valerie Dominguez,94565,,2015-02-08,2015-02-09,7,3601.07,2.34,2.08,174.8,14.52,50,0.26,0.04,1,6197,2024-12-13 00:00:00.000
19601,34542891,Sam Craven,94565,,2015-05-05,2015-05-05,7,294.89,2.34,2.08,-321.84,12.14,4,0.26,0.09,1,290,2024-12-13 00:00:00.000
19601,34542891,Stephanie Ulpright,94565,,2015-09-30,2015-10-01,7,3333.1,2.34,2.08,-85.03,4,50,0.26,0.1,1,3830,2024-12-13 00:00:00.000
19601,34542891,John Murray,94565,,2015-10-14,2015-10-16,7,3413.69,2.34,2.08,175.24,14.52,47,0.26,0.06,1,4521,2024-12-13 00:00:00.000
19601,34542891,Deanra Eno,94565,,2015-11-09,2015-11-10,7,1560.96,2.34,2.08,-120.27,4,21,0.26,0.07,1,3039,2024-12-13 00:00:00.000
19918,10291466,George Ashbrook,96797,,2012-01-07,2012-01-10,7,158.04,3.36,2.97,-263.09,14.52,2,0.39,0.03,1,2539,2024-12-13 00:00:00.000
19918,10291466,Victoria Brennan,96797,,2012-01-23,2012-01-25,7,1383.2,3.36,2.97,-23.44,12.14,18,0.39,0.01,1,3485,2024-12-13 00:00:00.000
19918,10291466,Dennis Kane,96797,,2012-03-12,2012-03-13,7,1388.91,3.36,2.97,-229.87,4,20,0.39,0.1,1,4662,2024-12-13 00:00:00.000
19918,10291466,Lindsay Castell,96797,,2012-03-12,2012-03-14,7,1146.41,3.36,2.97,-88.61,14.52,15,0.39,0,1,1733,2024-12-13 00:00:00.000
19918,10291466,Sonia Sunley,96797,,2012-05-15,2012-05-18,7,3197.45,3.36,2.97,97.16,4,46,0.39,0.08,1,1381,2024-12-13 00:00:00.000
19918,10291466,Arthur Wiediger,96797,,2012-05-18,2012-05-20,7,3596.36,3.36,2.97,326.25,12.14,47,0.39,0,1,2858,2024-12-13 00:00:00.000
19918,10291466,Vivian Mathis,96797,,2012-06-29,2012-06-30,7,1651.09,3.36,2.97,-2.38,12.14,22,0.39,0.05,1,320,2024-12-13 00:00:00.000
19918,10291466,Patrick Gardner,96797,,2012-08-22,2012-08-23,7,3277.39,3.36,2.97,286.01,4,43,0.39,0.02,1,5897,2024-12-13 00:00:00.000
19918,10291466,Eva Jacobs,96797,,2012-11-07,2012-11-10,7,453.87,3.36,2.97,-217.69,14.52,6,0.39,0.02,1,3771,2024-12-13 00:00:00.000
19918,10291466,Matt Collister,96797,,2012-12-07,2012-12-10,7,3421.88,3.36,2.97,443.52,4,44,0.39,0,1,7643,2024-12-13 00:00:00.000
19918,10291466,Sonia Sunley,96797,,2013-04-15,2013-04-20,7,365.93,3.36,2.97,-243.02,14.52,5,0.39,0.05,1,3154,2024-12-13 00:00:00.000
19918,10291466,Matt Connell,96797,,2013-09-25,2013-09-27,7,2911.64,3.36,2.97,225.28,14.52,37,0.39,0.02,1,2376,2024-12-13 00:00:00.000
19918,10291466,Evan Henry,96797,,2013-11-25,2013-12-02,7,900.06,3.36,2.97,-221.12,14.52,12,0.39,0.05,1,722,2024-12-13 00:00:00.000
19918,10291466,Phillip Breyer,96797,,2013-12-09,2013-12-10,7,1143.88,3.36,2.97,-88.7,4,15,0.39,0.04,1,959,2024-12-13 00:00:00.000
19918,10291466,Patrick Jones,96797,,2014-03-18,2014-03-20,7,1557.42,3.36,2.97,-123.81,4,21,0.39,0.01,1,526,2024-12-13 00:00:00.000
19918,10291466,Liz Carlisle,96797,,2014-06-23,2014-06-24,7,767.34,3.36,2.97,-154.65,14.52,10,0.39,0.04,1,1404,2024-12-13 00:00:00.000
19918,10291466,Jack O'Briant,96797,,2014-06-27,2014-06-28,7,2492.97,3.36,2.97,131.02,14.52,33,0.39,0.06,1,7572,2024-12-13 00:00:00.000
19918,10291466,Bobby Trafton,96797,,2014-11-21,2014-11-22,7,1121.84,3.36,2.97,-173.66,12.14,15,0.39,0,1,7897,2024-12-13 00:00:00.000
19918,10291466,Valerie Dominguez,96797,,2015-02-08,2015-02-09,7,3601.07,3.36,2.97,174.8,14.52,50,0.39,0.04,1,6197,2024-12-13 00:00:00.000
19918,10291466,Sam Craven,96797,,2015-05-05,2015-05-05,7,294.89,3.36,2.97,-321.84,12.14,4,0.39,0.09,1,290,2024-12-13 00:00:00.000
19918,10291466,Stephanie Ulpright,96797,,2015-09-30,2015-10-01,7,3333.1,3.36,2.97,-85.03,4,50,0.39,0.1,1,3830,2024-12-13 00:00:00.000
19918,10291466,John Murray,96797,,2015-10-14,2015-10-16,7,3413.69,3.36,2.97,175.24,14.52,47,0.39,0.06,1,4521,2024-12-13 00:00:00.000
19918,10291466,Deanra Eno,96797,,2015-11-09,2015-11-10,7,1560.96,3.36,2.97,-120.27,4,21,0.39,0.07,1,3039,2024-12-13 00:00:00.000
20011,12166387,Giulietta Dortch,96797,,2012-01-10,2012-01-11,9,1177.5,3.36,2.97,420.05,1.99,34,0.39,0.02,1,4073,2024-12-13 00:00:00.000
20011,12166387,Raymond Fair,96797,,2012-04-13,2012-04-15,9,951.06,3.36,2.97,331.27,1.99,28,0.39,0.02,1,6278,2024-12-13 00:00:00.000
20011,12166387,Debra Catini,96797,,2012-09-14,2012-09-15,9,936.95,3.36,2.97,-0.74,19.99,26,0.39,0.03,1,1002,2024-12-13 00:00:00.000
20011,12166387,Nathan Mautz,96797,,2013-01-20,2013-01-22,9,864.16,3.36,2.97,-175.47,19.99,26,0.39,0.09,1,4871,2024-12-13 00:00:00.000
20011,12166387,Christina Vanderzanden,96797,,2013-02-20,2013-02-22,9,1370.49,3.36,2.97,-244.63,19.99,40,0.39,0.08,1,8065,2024-12-13 00:00:00.000
20011,12166387,Nat Gilpin,96797,,2013-04-15,2013-04-17,9,1031.23,3.36,2.97,-138.54,19.99,32,0.39,0.07,1,5247,2024-12-13 00:00:00.000
20011,12166387,Fred McMath,96797,,2013-07-16,2013-07-18,9,1631.04,3.36,2.97,665.63,1.99,48,0.39,0,1,2651,2024-12-13 00:00:00.000
20011,12166387,Eleni McCrary,96797,,2013-08-28,2013-09-02,9,677.9,3.36,2.97,196.36,1.99,20,0.39,0.05,1,4388,2024-12-13 00:00:00.000
20011,12166387,Barry Franz,96797,,2013-11-29,2013-11-29,9,461.55,3.36,2.97,-12,19.99,14,0.39,0.09,1,1402,2024-12-13 00:00:00.000
20011,12166387,Kean Thornton,96797,,2014-05-21,2014-05-21,9,748.83,3.36,2.97,250.01,1.99,21,0.39,0.01,1,916,2024-12-13 00:00:00.000
20011,12166387,Doug Bickford,96797,,2014-05-27,2014-05-29,9,854.88,3.36,2.97,-44.14,19.99,25,0.39,0.09,1,1462,2024-12-13 00:00:00.000
20011,12166387,Kean Thornton,96797,,2015-01-27,2015-01-28,9,463.83,3.36,2.97,103.26,1.99,13,0.39,0,1,691,2024-12-13 00:00:00.000
20011,12166387,Julia West,96797,,2015-06-11,2015-06-13,9,899.97,3.36,2.97,-246.3,19.99,27,0.39,0.09,1,6330,2024-12-13 00:00:00.000
20011,12166387,Mitch Willingham,96797,,2015-07-13,2015-07-14,9,1233.76,3.36,2.97,-168.08,19.99,38,0.39,0.06,1,7475,2024-12-13 00:00:00.000
20011,12166387,Toby Swindell,96797,,2012-12-28,2012-12-30,10,575.74,3.36,2.97,152.6,1.99,27,0.39,0.06,1,6343,2024-12-13 00:00:00.000
20011,12166387,Linda Southworth,96797,,2013-01-03,2013-01-05,10,277.42,3.36,2.97,49.82,1.99,12,0.39,0.01,1,1235,2024-12-13 00:00:00.000
20011,12166387,Mike Gockenbach,96797,,2013-09-18,2013-09-22,10,801.44,3.36,2.97,308.12,1.99,35,0.39,0.01,1,2907,2024-12-13 00:00:00.000
20011,12166387,Paul Stevenson,96797,,2014-05-10,2014-05-12,10,179.66,3.36,2.97,-1.73,1.99,8,0.39,0.01,1,4304,2024-12-13 00:00:00.000
20011,12166387,Christine Sundaresam,96797,,2014-06-05,2014-06-06,10,333.3,3.36,2.97,71.04,1.99,15,0.39,0.03,1,2786,2024-12-13 00:00:00.000
20011,12166387,Benjamin Patterson,96797,,2014-11-18,2014-11-20,10,416.39,3.36,2.97,119.47,1.99,18,0.39,0.06,1,5135,2024-12-13 00:00:00.000
20011,12166387,Alyssa Crouse,96797,,2015-05-08,2015-05-08,10,372.09,3.36,2.97,98.28,1.99,16,0.39,0.04,1,2979,2024-12-13 00:00:00.000
20011,12166387,Roy Phan,96797,,2015-09-22,2015-09-24,10,795.52,3.36,2.97,290.64,1.99,36,0.39,0.08,1,4338,2024-12-13 00:00:00.000
20011,12166387,Alan Hwang,96797,,2015-11-11,2015-11-14,10,378.08,3.36,2.97,70.48,1.99,17,0.39,0,1,4423,2024-12-13 00:00:00.000
20011,12166387,Dave Hallsten,96797,,2015-12-02,2015-12-02,10,1100.21,3.36,2.97,433.59,1.99,50,0.39,0.03,1,1793,2024-12-13 00:00:00.000
20017,12166388,Mitch Webber,96797,,2012-05-25,2012-05-27,2,889.84,3.36,2.97,204.49,8.23,34,0.39,0.1,1,5558,2024-12-13 00:00:00.000
20017,12166388,Kelly Williams,96797,,2015-07-16,2015-07-17,2,1406.64,3.36,2.97,424.36,8.23,50,0.39,0.02,1,1356,2024-12-13 00:00:00.000
20017,12166388,Naresj Patel,96797,,2015-09-04,2015-09-09,2,1112.54,3.36,2.97,352.96,8.23,38,0.39,0.01,1,5580,2024-12-13 00:00:00.000
20213,10447903,Sonia Sunley,96797,,2012-02-04,2012-02-05,4,671.03,3.36,2.97,67.864,6.46,47,0.39,0.07,1,2049,2024-12-13 00:00:00.000
20213,10447903,Roland Fjeld,96797,,2013-05-24,2013-05-26,4,82.72,3.36,2.97,-29.71,1.99,6,0.39,0.08,1,364,2024-12-13 00:00:00.000
20213,10447903,Andrew Allen,96797,,2013-07-14,2013-07-17,4,278.68,3.36,2.97,8.8995,6.46,20,0.39,0.06,1,351,2024-12-13 00:00:00.000
20213,10447903,Anthony Johnson,96797,,2013-08-04,2013-08-04,4,17.19,3.36,2.97,-35.34,1.99,1,0.39,0,1,3371,2024-12-13 00:00:00.000
20213,10447903,Fred Harton,96797,,2013-08-06,2013-08-09,4,349.65,3.36,2.97,28.5515,6.46,24,0.39,0.1,1,2581,2024-12-13 00:00:00.000
20213,10447903,Giulietta Dortch,96797,,2014-02-20,2014-02-22,4,538.14,3.36,2.97,111.42,1.99,39,0.39,0.06,1,2970,2024-12-13 00:00:00.000
20213,10447903,Karen Carlisle,96797,,2014-07-10,2014-07-14,4,344.25,3.36,2.97,23.9615,6.46,24,0.39,0.1,1,7668,2024-12-13 00:00:00.000
20213,10447903,Steve Nguyen,96797,,2014-09-30,2014-10-02,4,682.77,3.36,2.97,165.2,1.99,49,0.39,0.05,1,1910,2024-12-13 00:00:00.000
20213,10447903,Stewart Visinsky,96797,,2014-10-04,2014-10-06,4,31.7,3.36,2.97,-44.39,1.99,2,0.39,0.05,1,7686,2024-12-13 00:00:00.000
20213,10447903,Brian DeCherney,96797,,2014-11-02,2014-11-04,4,293.27,3.36,2.97,44.56,1.99,21,0.39,0.07,1,4806,2024-12-13 00:00:00.000
20213,10447903,Peter Fuller,96797,,2014-12-02,2014-12-03,4,472.35,3.36,2.97,61.676,6.46,31,0.39,0.03,1,5288,2024-12-13 00:00:00.000
20213,10447903,Michelle Huthwaite,96797,,2015-06-18,2015-06-20,4,192.44,3.36,2.97,6.7745,6.46,13,0.39,0.05,1,6141,2024-12-13 00:00:00.000
20213,10447903,Muhammed Yedwab,96797,,2015-08-28,2015-08-28,4,262.32,3.36,2.97,5.1595,6.46,19,0.39,0.07,1,1000,2024-12-13 00:00:00.000
20213,10447903,Pauline Webber,96797,,2015-09-25,2015-09-27,4,362.76,3.36,2.97,19.363,6.46,26,0.39,0.09,1,3029,2024-12-13 00:00:00.000
20218,10447902,Giulietta Dortch,96797,,2012-01-10,2012-01-11,9,1177.5,3.36,2.97,420.05,1.99,34,0.39,0.02,1,4073,2024-12-13 00:00:00.000
20218,10447902,Raymond Fair,96797,,2012-04-13,2012-04-15,9,951.06,3.36,2.97,331.27,1.99,28,0.39,0.02,1,6278,2024-12-13 00:00:00.000
20218,10447902,Debra Catini,96797,,2012-09-14,2012-09-15,9,936.95,3.36,2.97,-0.74,19.99,26,0.39,0.03,1,1002,2024-12-13 00:00:00.000
20218,10447902,Nathan Mautz,96797,,2013-01-20,2013-01-22,9,864.16,3.36,2.97,-175.47,19.99,26,0.39,0.09,1,4871,2024-12-13 00:00:00.000
20218,10447902,Christina Vanderzanden,96797,,2013-02-20,2013-02-22,9,1370.49,3.36,2.97,-244.63,19.99,40,0.39,0.08,1,8065,2024-12-13 00:00:00.000
20218,10447902,Nat Gilpin,96797,,2013-04-15,2013-04-17,9,1031.23,3.36,2.97,-138.54,19.99,32,0.39,0.07,1,5247,2024-12-13 00:00:00.000
20218,10447902,Fred McMath,96797,,2013-07-16,2013-07-18,9,1631.04,3.36,2.97,665.63,1.99,48,0.39,0,1,2651,2024-12-13 00:00:00.000
20218,10447902,Eleni McCrary,96797,,2013-08-28,2013-09-02,9,677.9,3.36,2.97,196.36,1.99,20,0.39,0.05,1,4388,2024-12-13 00:00:00.000
20218,10447902,Barry Franz,96797,,2013-11-29,2013-11-29,9,461.55,3.36,2.97,-12,19.99,14,0.39,0.09,1,1402,2024-12-13 00:00:00.000
20218,10447902,Kean Thornton,96797,,2014-05-21,2014-05-21,9,748.83,3.36,2.97,250.01,1.99,21,0.39,0.01,1,916,2024-12-13 00:00:00.000
20218,10447902,Doug Bickford,96797,,2014-05-27,2014-05-29,9,854.88,3.36,2.97,-44.14,19.99,25,0.39,0.09,1,1462,2024-12-13 00:00:00.000
20218,10447902,Kean Thornton,96797,,2015-01-27,2015-01-28,9,463.83,3.36,2.97,103.26,1.99,13,0.39,0,1,691,2024-12-13 00:00:00.000
20218,10447902,Julia West,96797,,2015-06-11,2015-06-13,9,899.97,3.36,2.97,-246.3,19.99,27,0.39,0.09,1,6330,2024-12-13 00:00:00.000
20218,10447902,Mitch Willingham,96797,,2015-07-13,2015-07-14,9,1233.76,3.36,2.97,-168.08,19.99,38,0.39,0.06,1,7475,2024-12-13 00:00:00.000
20218,10447902,Toby Swindell,96797,,2012-12-28,2012-12-30,10,575.74,3.36,2.97,152.6,1.99,27,0.39,0.06,1,6343,2024-12-13 00:00:00.000
20218,10447902,Linda Southworth,96797,,2013-01-03,2013-01-05,10,277.42,3.36,2.97,49.82,1.99,12,0.39,0.01,1,1235,2024-12-13 00:00:00.000
20218,10447902,Mike Gockenbach,96797,,2013-09-18,2013-09-22,10,801.44,3.36,2.97,308.12,1.99,35,0.39,0.01,1,2907,2024-12-13 00:00:00.000
20218,10447902,Paul Stevenson,96797,,2014-05-10,2014-05-12,10,179.66,3.36,2.97,-1.73,1.99,8,0.39,0.01,1,4304,2024-12-13 00:00:00.000
20218,10447902,Christine Sundaresam,96797,,2014-06-05,2014-06-06,10,333.3,3.36,2.97,71.04,1.99,15,0.39,0.03,1,2786,2024-12-13 00:00:00.000
20218,10447902,Benjamin Patterson,96797,,2014-11-18,2014-11-20,10,416.39,3.36,2.97,119.47,1.99,18,0.39,0.06,1,5135,2024-12-13 00:00:00.000
20218,10447902,Alyssa Crouse,96797,,2015-05-08,2015-05-08,10,372.09,3.36,2.97,98.28,1.99,16,0.39,0.04,1,2979,2024-12-13 00:00:00.000
20218,10447902,Roy Phan,96797,,2015-09-22,2015-09-24,10,795.52,3.36,2.97,290.64,1.99,36,0.39,0.08,1,4338,2024-12-13 00:00:00.000
20218,10447902,Alan Hwang,96797,,2015-11-11,2015-11-14,10,378.08,3.36,2.97,70.48,1.99,17,0.39,0,1,4423,2024-12-13 00:00:00.000
20218,10447902,Dave Hallsten,96797,,2015-12-02,2015-12-02,10,1100.21,3.36,2.97,433.59,1.99,50,0.39,0.03,1,1793,2024-12-13 00:00:00.000
